msg_id,price,mode,burst,produce_time,consume_time,latency_ms,throughput_msg_per_sec,p95_latency_ms,p99_latency_ms
0,100.16,scaling,True,1776033733.0809822,1776033733.1959524,114.97,1000.0,,
1,100.14,scaling,True,1776033733.0861404,1776033733.1960573,109.917,2000.0,,
2,100.12,scaling,False,1776033733.0912297,1776033733.1960952,104.866,3000.0,,
3,100.22,scaling,True,1776033733.0963151,1776033733.196118,99.803,4000.0,,
4,100.08,scaling,True,1776033733.1014106,1776033733.1961372,94.727,5000.0,,
19,98.61,scaling,True,1776033733.1779869,1776033733.2058187,27.832,608.13,,
20,98.63,scaling,False,1776033733.183102,1776033733.2058861,22.784,704.67,,
9,100.2,scaling,True,1776033733.126876,1776033733.2076273,80.751,685.23,,
10,99.25,scaling,False,1776033733.1319935,1776033733.2076888,75.695,766.85,,
7,100.06,scaling,False,1776033733.1167018,1776033733.262662,145.96,149.9,,
8,100.19,scaling,True,1776033733.121794,1776033733.2627647,140.971,164.64,,
5,100.07,scaling,False,1776033733.106511,1776033733.2628064,156.295,179.5,,
6,100.05,scaling,False,1776033733.1116085,1776033733.2628813,151.273,194.24,,
29,97.62,scaling,False,1776033733.2292306,1776033733.2742355,45.005,178.84,,
25,98.32,scaling,False,1776033733.2085748,1776033733.2747345,66.16,190.4,,
26,98.32,scaling,False,1776033733.2136781,1776033733.2747943,61.116,202.94,,
11,99.17,scaling,True,1776033733.1371038,1776033733.2763054,139.202,211.57,,
12,99.15,scaling,False,1776033733.1422188,1776033733.276363,134.144,223.85,,
15,99.01,scaling,True,1776033733.1575534,1776033733.2763836,118.83,236.23,,
16,99.02,scaling,True,1776033733.1626585,1776033733.2763999,113.741,248.61,151.524,
17,99.04,scaling,False,1776033733.1677651,1776033733.2767603,108.995,259.88,151.273,
18,99.04,scaling,False,1776033733.1728752,1776033733.277007,104.132,271.42,151.007,
23,98.19,scaling,True,1776033733.1984015,1776033733.2771814,78.78,283.15,150.742,
24,98.32,scaling,True,1776033733.2034924,1776033733.2773578,73.865,294.82,150.476,
33,98.44,scaling,True,1776033733.2505047,1776033733.286504,35.999,276.09,150.21,
34,98.39,scaling,False,1776033733.2559392,1776033733.2866824,30.743,286.56,149.945,
30,97.63,scaling,False,1776033733.2345588,1776033733.2868247,52.266,297.12,149.679,
13,99.15,scaling,True,1776033733.1473258,1776033733.2900927,142.767,297.43,149.413,
14,99.16,scaling,False,1776033733.152448,1776033733.2902682,137.82,307.48,149.148,
37,97.89,scaling,False,1776033733.2714705,1776033733.2904043,18.934,317.62,148.882,
38,97.89,scaling,True,1776033733.2765846,1776033733.3032174,26.633,289.0,148.616,
41,98.14,scaling,True,1776033733.2918923,1776033733.3165784,24.686,265.28,148.351,
42,98.17,scaling,False,1776033733.2969906,1776033733.316767,19.776,273.15,148.085,
43,98.21,scaling,True,1776033733.3020837,1776033733.3261065,24.023,261.23,147.82,
44,98.23,scaling,False,1776033733.3071918,1776033733.3263,19.108,268.51,147.554,
45,98.36,scaling,True,1776033733.3123033,1776033733.3300183,17.715,268.52,147.288,
21,98.62,scaling,True,1776033733.1882138,1776033733.3391092,150.895,258.46,150.971,
22,98.39,scaling,False,1776033733.1933146,1776033733.339301,145.987,265.09,150.952,
31,97.6,scaling,True,1776033733.2399528,1776033733.3394372,99.484,271.81,150.933,
32,97.6,scaling,False,1776033733.24515,1776033733.3395624,94.412,278.53,150.914,
39,97.91,scaling,False,1776033733.2817004,1776033733.3396852,57.985,285.25,150.895,
40,98.06,scaling,True,1776033733.2867992,1776033733.3398085,53.009,291.96,150.65,
46,98.31,scaling,True,1776033733.3174217,1776033733.343009,25.587,292.4,150.404,
47,98.29,scaling,False,1776033733.3225324,1776033733.3510532,28.521,283.69,150.159,
48,98.27,scaling,False,1776033733.3276386,1776033733.3512583,23.62,289.75,149.914,
49,98.52,scaling,True,1776033733.3327532,1776033733.351396,18.643,295.93,149.668,
51,98.56,scaling,False,1776033733.3430085,1776033733.362828,19.819,281.65,149.423,
50,98.56,scaling,True,1776033733.3378718,1776033733.3631184,25.247,287.14,149.177,
53,98.84,scaling,False,1776033733.3532767,1776033733.3737147,20.438,275.65,148.932,
54,98.73,scaling,True,1776033733.3583899,1776033733.3739634,15.574,280.88,148.686,
35,98.28,scaling,True,1776033733.2611654,1776033733.3741114,112.946,286.26,148.441,
36,97.88,scaling,False,1776033733.266326,1776033733.3742793,107.953,291.6,148.196,
52,98.84,scaling,True,1776033733.3481712,1776033733.3753428,27.172,295.44,147.95,
27,98.34,scaling,True,1776033733.2187858,1776033733.38473,165.944,286.05,151.027,
28,97.65,scaling,True,1776033733.2241151,1776033733.3849328,160.818,291.04,152.78,
55,98.8,scaling,True,1776033733.3635073,1776033733.385078,21.571,296.1,152.528,
56,98.79,scaling,False,1776033733.3686247,1776033733.3852086,16.584,301.18,152.277,
57,98.78,scaling,False,1776033733.3737383,1776033733.396443,22.705,289.29,152.026,
59,98.77,scaling,False,1776033733.383984,1776033733.4023886,18.404,285.8,151.775,
58,98.76,scaling,True,1776033733.378873,1776033733.407369,28.496,283.8,151.524,
61,98.68,scaling,True,1776033733.394502,1776033733.4130151,18.513,281.02,151.273,
60,98.72,scaling,True,1776033733.3893838,1776033733.4145977,25.214,283.56,151.254,
62,98.44,scaling,True,1776033733.3996208,1776033733.4246523,25.032,275.47,151.235,
63,98.46,scaling,False,1776033733.404734,1776033733.425802,21.068,278.44,151.216,
64,98.45,scaling,False,1776033733.409882,1776033733.426037,16.155,282.5,151.197,
65,98.45,scaling,False,1776033733.4149868,1776033733.4356303,20.643,275.37,151.178,
66,98.5,scaling,True,1776033733.4201097,1776033733.4358454,15.736,279.29,151.16,
67,98.41,scaling,True,1776033733.4252243,1776033733.4468822,21.658,270.99,151.141,
69,98.2,scaling,True,1776033733.4354327,1776033733.454067,18.634,267.32,151.122,
68,98.26,scaling,True,1776033733.430331,1776033733.4586198,28.289,266.5,151.103,
71,98.42,scaling,False,1776033733.4456396,1776033733.4653258,19.686,263.57,151.084,
70,98.4,scaling,True,1776033733.4405434,1776033733.466467,25.923,266.16,151.065,
73,98.62,scaling,True,1776033733.4558508,1776033733.474196,18.345,262.36,151.046,
72,98.43,scaling,False,1776033733.4507418,1776033733.4762778,25.536,263.98,151.027,
75,99.5,scaling,True,1776033733.466109,1776033733.4843507,18.242,260.06,151.009,
76,99.32,scaling,True,1776033733.4712121,1776033733.4845688,13.357,263.33,150.99,
74,98.59,scaling,True,1776033733.460991,1776033733.48701,26.019,264.55,150.971,
77,99.14,scaling,True,1776033733.4763122,1776033733.4987545,22.442,257.59,150.952,
78,98.99,scaling,True,1776033733.4814208,1776033733.498962,17.541,260.72,150.933,
79,98.99,scaling,False,1776033733.4865189,1776033733.504486,17.967,259.29,150.914,
80,98.96,scaling,False,1776033733.4916186,1776033733.504656,13.037,262.39,150.895,
81,99.32,scaling,True,1776033733.4967065,1776033733.516887,20.18,255.5,150.65,
82,99.27,scaling,True,1776033733.5018027,1776033733.5170884,15.286,258.46,150.404,
83,99.19,scaling,True,1776033733.5068753,1776033733.5255032,18.628,254.89,150.159,
85,99.15,scaling,True,1776033733.5170631,1776033733.5351756,18.112,250.57,149.914,
84,98.96,scaling,True,1776033733.5119746,1776033733.5374432,25.469,251.84,149.668,
86,99.27,scaling,True,1776033733.52216,1776033733.5467963,24.636,247.97,149.423,
87,99.01,scaling,True,1776033733.5272415,1776033733.5470226,19.781,250.66,149.177,
89,99.23,scaling,True,1776033733.5374227,1776033733.5574713,20.049,246.18,148.932,
90,99.23,scaling,False,1776033733.5425162,1776033733.5576684,15.152,248.81,148.686,
88,98.98,scaling,False,1776033733.5323343,1776033733.5591094,26.775,250.58,148.441,
91,99.24,scaling,False,1776033733.547609,1776033733.567228,19.619,247.79,148.196,
93,99.42,scaling,True,1776033733.5577981,1776033733.5760736,18.275,244.66,147.95,
94,99.42,scaling,False,1776033733.5628917,1776033733.5762434,13.352,247.18,147.705,
92,99.19,scaling,False,1776033733.5527096,1776033733.5801907,27.481,247.24,147.459,
95,99.37,scaling,True,1776033733.5679822,1776033733.5932295,25.247,241.64,147.214,
96,99.44,scaling,True,1776033733.5730746,1776033733.5933993,20.325,244.06,146.968,
97,99.13,scaling,False,1776033733.578166,1776033733.5966482,18.482,244.57,146.723,
98,99.23,scaling,True,1776033733.583267,1776033733.5968094,13.542,246.97,146.477,
99,99.39,scaling,True,1776033733.5883555,1776033733.606801,18.445,243.4,146.232,160.869
100,99.39,scaling,False,1776033733.5934477,1776033733.607075,13.627,245.67,145.987,160.818
101,99.41,scaling,True,1776033733.5985513,1776033733.6183417,19.79,241.48,145.985,160.772
102,99.43,scaling,False,1776033733.603641,1776033733.6186085,14.967,243.7,145.984,160.727
103,99.37,scaling,True,1776033733.608736,1776033733.6277776,19.042,240.84,145.983,160.682
105,99.59,scaling,True,1776033733.618936,1776033733.637182,18.246,237.97,145.981,160.637
106,99.57,scaling,True,1776033733.6240335,1776033733.6374767,13.443,240.08,145.98,160.592
104,99.47,scaling,True,1776033733.6138356,1776033733.639862,26.026,241.04,145.979,160.546
107,99.6,scaling,False,1776033733.6291256,1776033733.6461134,16.988,239.91,145.977,160.501
108,99.69,scaling,True,1776033733.6342318,1776033733.6463523,12.12,242.01,145.976,160.456
109,99.67,scaling,False,1776033733.6393301,1776033733.659976,20.646,237.06,145.975,160.411
111,99.66,scaling,False,1776033733.649527,1776033733.670739,21.212,233.79,145.973,160.365
110,99.66,scaling,False,1776033733.644436,1776033733.6727908,28.355,234.88,145.972,160.32
113,99.83,scaling,True,1776033733.6597157,1776033733.6794558,19.74,233.71,145.971,160.275
112,99.79,scaling,True,1776033733.6546283,1776033733.6836035,28.975,233.77,145.969,160.23
115,99.52,scaling,True,1776033733.6699002,1776033733.689045,19.145,233.22,145.968,160.184
116,99.31,scaling,True,1776033733.6749887,1776033733.6893227,14.334,235.12,145.967,160.139
114,99.81,scaling,True,1776033733.6648054,1776033733.6914406,26.635,236.13,145.965,160.094
117,99.64,scaling,True,1776033733.680082,1776033733.6962068,16.125,235.88,145.964,160.049
118,99.33,scaling,True,1776033733.685178,1776033733.7083423,23.164,232.25,145.963,160.004
119,99.36,scaling,True,1776033733.6902664,1776033733.7086418,18.375,234.06,145.961,159.958
120,99.25,scaling,True,1776033733.6953623,1776033733.719289,23.927,231.21,145.96,159.913
121,99.61,scaling,True,1776033733.7004628,1776033733.7195787,19.116,232.99,145.8,159.868
122,99.53,scaling,True,1776033733.7055607,1776033733.7310746,25.514,229.85,145.641,159.823
123,99.57,scaling,True,1776033733.7106519,1776033733.731367,20.715,231.6,145.481,159.777
124,99.55,scaling,False,1776033733.7157547,1776033733.7429295,27.175,228.53,145.321,159.732
125,99.54,scaling,False,1776033733.7208662,1776033733.7432356,22.369,230.23,145.162,159.687
126,99.61,scaling,True,1776033733.7259567,1776033733.7434506,17.494,231.96,145.002,159.642
127,99.74,scaling,True,1776033733.7310503,1776033733.7499018,18.852,231.07,144.842,159.597
129,99.75,scaling,False,1776033733.7412286,1776033733.759513,18.284,228.9,144.683,159.551
130,99.72,scaling,False,1776033733.7463243,1776033733.7598233,13.499,230.55,144.523,159.506
128,99.74,scaling,False,1776033733.7361395,1776033733.763268,27.128,230.91,144.364,159.461
131,99.81,scaling,True,1776033733.751417,1776033733.76939,17.973,230.19,144.204,159.416
133,100.01,scaling,True,1776033733.7615998,1776033733.7810261,19.426,227.32,144.044,159.37
132,99.81,scaling,False,1776033733.7565112,1776033733.7822657,25.754,228.55,143.885,159.325
135,100.0,scaling,True,1776033733.7718062,1776033733.791698,19.892,226.61,143.725,159.28
136,100.13,scaling,True,1776033733.7769108,1776033733.7920067,15.096,228.17,143.565,159.235
134,100.07,scaling,False,1776033733.7667038,1776033733.7940528,27.349,229.06,143.406,159.19
137,100.26,scaling,True,1776033733.7820036,1776033733.802698,20.694,227.44,143.246,159.144
139,101.11,scaling,True,1776033733.7921987,1776033733.8100798,17.881,226.34,143.086,159.099
138,100.83,scaling,False,1776033733.787109,1776033733.8145988,27.49,226.3,142.927,159.054
141,101.12,scaling,False,1776033733.8023806,1776033733.8206975,18.317,225.69,142.767,159.009
140,101.11,scaling,False,1776033733.7972934,1776033733.8224654,25.172,226.65,142.677,158.963
143,101.36,scaling,True,1776033733.8125725,1776033733.8293338,16.761,225.77,142.587,158.918
144,101.38,scaling,False,1776033733.8176827,1776033733.8296223,11.94,227.25,142.498,158.873
142,101.15,scaling,False,1776033733.8074744,1776033733.8339443,26.47,227.28,142.408,158.828
145,101.38,scaling,False,1776033733.822777,1776033733.8421388,19.362,225.94,142.318,158.783
146,101.37,scaling,False,1776033733.827869,1776033733.8424344,14.565,227.38,142.228,158.737
147,101.57,scaling,True,1776033733.8329623,1776033733.8510988,18.137,225.9,142.138,158.692
149,102.56,scaling,False,1776033733.8431566,1776033733.8636081,20.452,223.17,142.048,158.647
148,101.62,scaling,True,1776033733.8380654,1776033733.8638866,25.821,224.57,141.959,158.602
151,102.67,scaling,True,1776033733.8533392,1776033733.8725154,19.176,223.19,141.869,158.556
150,102.59,scaling,True,1776033733.8482502,1776033733.874478,26.228,224.02,141.779,158.511
153,102.55,scaling,True,1776033733.8635304,1776033733.882151,18.62,222.97,141.689,158.466
154,102.55,scaling,False,1776033733.8686335,1776033733.8824282,13.795,224.33,141.599,158.421
152,102.67,scaling,False,1776033733.858434,1776033733.8842592,25.825,225.19,141.51,158.376
155,102.43,scaling,True,1776033733.873722,1776033733.8935683,19.846,223.62,141.42,158.33
157,102.74,scaling,False,1776033733.88395,1776033733.9032598,19.31,221.97,141.33,158.285
156,102.74,scaling,False,1776033733.8788242,1776033733.9061918,27.368,222.46,141.24,158.24
158,103.06,scaling,True,1776033733.8890536,1776033733.9161732,27.12,220.77,141.15,158.195
159,103.09,scaling,True,1776033733.8941486,1776033733.9186668,24.518,221.39,141.061,158.149
160,103.04,scaling,False,1776033733.8992517,1776033733.9189506,19.699,222.68,140.971,158.104
161,103.03,scaling,False,1776033733.9043505,1776033733.9307406,26.39,220.47,140.882,158.059
162,102.82,scaling,True,1776033733.9094465,1776033733.93104,21.594,221.74,140.794,158.014
163,102.79,scaling,False,1776033733.9145393,1776033733.931323,16.784,223.02,140.705,157.969
164,102.82,scaling,True,1776033733.9196439,1776033733.941579,21.935,221.29,140.617,157.923
165,102.77,scaling,True,1776033733.92473,1776033733.9520516,27.322,219.55,140.528,157.878
166,102.73,scaling,False,1776033733.9298198,1776033733.9523304,22.511,220.79,140.44,157.833
167,102.64,scaling,True,1776033733.934921,1776033733.9540265,19.105,221.61,140.352,157.788
169,102.08,scaling,False,1776033733.945126,1776033733.963239,18.113,220.26,140.263,157.742
168,102.08,scaling,False,1776033733.9400208,1776033733.9671006,27.08,220.45,140.175,157.697
171,102.22,scaling,True,1776033733.955348,1776033733.9746497,19.302,219.6,140.086,157.652
170,102.1,scaling,False,1776033733.9502478,1776033733.9754255,25.178,220.66,139.998,157.607
172,102.7,scaling,True,1776033733.9608438,1776033733.9873881,26.544,218.59,139.909,157.562
173,102.71,scaling,False,1776033733.9659579,1776033733.9876804,21.723,219.77,139.821,157.516
174,102.71,scaling,False,1776033733.9710705,1776033733.9998715,28.801,217.68,139.732,157.471
175,102.76,scaling,True,1776033733.9761846,1776033734.0001547,23.97,218.85,139.644,157.426
176,102.65,scaling,True,1776033733.9812982,1776033734.000375,19.077,220.03,139.555,157.381
177,102.71,scaling,False,1776033733.986409,1776033734.0042133,17.804,220.23,139.467,157.335
179,102.33,scaling,True,1776033733.9966383,1776033734.0151083,18.47,218.52,139.379,157.29
178,102.72,scaling,False,1776033733.9915273,1776033734.0157907,24.263,219.56,139.29,157.245
181,102.38,scaling,False,1776033734.0068736,1776033734.026333,19.459,217.97,139.202,157.2
180,102.38,scaling,True,1776033734.001752,1776033734.0270486,25.297,218.99,139.133,157.155
183,102.18,scaling,False,1776033734.017095,1776033734.0365126,19.418,217.71,139.064,157.109
182,102.17,scaling,True,1776033734.011995,1776033734.0389411,26.946,218.27,138.994,157.064
185,102.13,scaling,True,1776033734.0273027,1776033734.0451388,17.836,217.86,138.925,157.019
184,102.12,scaling,True,1776033734.022202,1776033734.0491517,26.95,218.0,138.856,156.974
187,102.03,scaling,True,1776033734.0375047,1776033734.0560243,18.52,217.42,138.787,156.928
186,102.09,scaling,False,1776033734.032411,1776033734.0575314,25.12,218.2,138.718,156.883
189,102.01,scaling,True,1776033734.0476973,1776033734.0661337,18.436,217.2,138.649,156.838
188,102.03,scaling,False,1776033734.0425994,1776033734.067471,24.872,218.01,138.58,156.793
190,101.99,scaling,False,1776033734.0528007,1776033734.0779636,25.163,216.55,138.511,156.748
191,101.99,scaling,False,1776033734.0578918,1776033734.0782433,20.351,217.62,138.442,156.702
192,102.15,scaling,True,1776033734.062984,1776033734.0785015,15.517,218.68,138.373,156.657
193,101.9,scaling,True,1776033734.0680726,1776033734.0870402,18.968,217.71,138.304,156.612
195,102.32,scaling,True,1776033734.0782619,1776033734.0962453,17.983,216.6,138.235,156.567
194,102.0,scaling,True,1776033734.0731802,1776033734.0998201,26.64,216.85,138.166,156.521
197,102.43,scaling,False,1776033734.088442,1776033734.1069293,18.487,216.25,138.097,156.476
196,102.44,scaling,True,1776033734.0833504,1776033734.108356,25.006,217.01,138.027,156.431
199,101.66,scaling,True,1776033734.0986238,1776033734.1194918,20.868,215.48,137.958,156.386
200,101.89,scaling,True,1776033734.1037264,1776033734.1197822,16.056,216.49,137.889,156.341
198,101.59,scaling,True,1776033734.0935373,1776033734.1206334,27.096,217.37,137.82,156.295
201,101.82,scaling,True,1776033734.1088443,1776033734.1270697,18.225,216.94,137.636,156.245
205,101.9,scaling,True,1776033734.12927,1776033734.1472023,17.932,213.4,137.453,156.195
203,102.09,scaling,False,1776033734.1190698,1776033734.1487584,29.689,214.1,137.269,156.145
202,102.09,scaling,True,1776033734.1139607,1776033734.148994,35.033,215.1,137.085,156.094
207,101.86,scaling,True,1776033734.139481,1776033734.158614,19.133,213.99,136.901,156.044
204,102.01,scaling,True,1776033734.124174,1776033734.1590142,34.84,214.94,136.717,155.994
206,101.91,scaling,False,1776033734.1343782,1776033734.1592731,24.895,215.92,136.534,155.944
209,101.46,scaling,True,1776033734.1496665,1776033734.1703997,20.733,214.48,136.35,155.893
210,101.51,scaling,False,1776033734.1547642,1776033734.1706958,15.932,215.44,136.166,155.843
208,101.59,scaling,True,1776033734.1445775,1776033734.1711583,26.581,216.36,135.982,155.793
211,101.21,scaling,True,1776033734.1598608,1776033734.1760774,16.217,216.3,135.798,155.743
212,100.99,scaling,True,1776033734.1649551,1776033734.1873994,22.444,214.84,135.615,155.693
213,100.99,scaling,False,1776033734.1700456,1776033734.1884754,18.43,215.61,135.431,155.642
214,100.98,scaling,False,1776033734.1751444,1776033734.1887023,13.558,216.57,135.247,155.592
215,100.98,scaling,False,1776033734.1802301,1776033734.1990404,18.81,215.34,135.063,155.542
217,101.12,scaling,True,1776033734.1904173,1776033734.209338,18.921,214.13,134.879,155.492
218,101.56,scaling,True,1776033734.1955156,1776033734.2096605,14.145,215.05,134.695,155.441
216,100.86,scaling,True,1776033734.1853251,1776033734.2120368,26.712,215.53,134.512,155.391
219,101.55,scaling,False,1776033734.2006001,1776033734.2196198,19.02,214.91,134.328,155.341
220,101.55,scaling,True,1776033734.205694,1776033734.2199357,14.242,215.82,134.144,155.291
221,101.53,scaling,False,1776033734.210783,1776033734.2316923,20.909,214.34,133.378,155.241
222,101.5,scaling,True,1776033734.2158773,1776033734.2440581,28.181,212.76,132.613,155.19
223,101.63,scaling,True,1776033734.220966,1776033734.2443516,23.386,213.66,131.847,155.14
225,101.59,scaling,False,1776033734.2311435,1776033734.2491393,17.996,213.64,131.081,155.09
226,101.8,scaling,True,1776033734.236238,1776033734.249454,13.216,214.52,130.316,155.04
224,101.59,scaling,True,1776033734.2260582,1776033734.256877,30.819,213.96,129.55,154.989
227,101.81,scaling,False,1776033734.2413256,1776033734.2614033,20.078,213.99,128.784,154.939
228,100.94,scaling,False,1776033734.2464156,1776033734.2617204,15.305,214.87,128.019,154.889
229,100.94,scaling,False,1776033734.2515104,1776033734.2706997,19.189,214.0,127.253,154.839
230,100.49,scaling,True,1776033734.2566056,1776033734.2710104,14.405,214.87,126.487,154.789
231,100.48,scaling,False,1776033734.2616916,1776033734.2805274,18.836,213.91,125.721,154.738
232,100.5,scaling,True,1776033734.26678,1776033734.2809577,14.178,214.75,124.956,154.688
233,100.5,scaling,False,1776033734.2718694,1776033734.2922318,20.362,213.45,124.19,154.638
234,100.75,scaling,True,1776033734.2769597,1776033734.2925243,15.565,214.3,123.424,154.588
235,100.57,scaling,True,1776033734.2820387,1776033734.3005702,18.532,213.65,122.659,154.537
236,100.4,scaling,True,1776033734.2871258,1776033734.3009217,13.796,214.49,121.893,154.487
237,100.39,scaling,False,1776033734.2922072,1776033734.3106165,18.409,213.52,121.127,154.437
239,100.38,scaling,False,1776033734.302406,1776033734.320896,18.49,212.46,120.362,154.387
240,100.45,scaling,True,1776033734.3074975,1776033734.321197,13.7,213.29,119.596,154.337
238,100.4,scaling,False,1776033734.2973118,1776033734.3220267,24.715,214.02,118.83,154.286
241,100.53,scaling,True,1776033734.3125846,1776033734.331944,19.359,213.03,118.637,154.236
242,100.51,scaling,False,1776033734.3176768,1776033734.332246,14.569,213.85,118.444,154.186
243,100.52,scaling,True,1776033734.3227665,1776033734.34179,19.023,212.94,118.251,154.136
244,100.44,scaling,True,1776033734.32786,1776033734.3421757,14.316,213.75,118.058,154.085
245,100.43,scaling,False,1776033734.332943,1776033734.3526845,19.742,212.67,117.865,154.035
246,100.41,scaling,False,1776033734.3380344,1776033734.353076,15.042,213.46,117.672,153.985
247,100.63,scaling,True,1776033734.3431146,1776033734.3617027,18.588,212.74,117.479,153.935
248,100.65,scaling,False,1776033734.3482006,1776033734.3620343,13.834,213.54,117.286,153.884
249,100.61,scaling,False,1776033734.3532856,1776033734.371913,18.627,212.59,117.093,153.834
250,99.97,scaling,True,1776033734.3583794,1776033734.372208,13.829,213.39,116.9,153.784
251,99.89,scaling,True,1776033734.3634605,1776033734.3813725,17.912,212.58,116.707,153.734
252,99.91,scaling,True,1776033734.3685534,1776033734.3931751,24.622,211.32,116.514,153.684
253,99.92,scaling,False,1776033734.3736362,1776033734.3935063,19.87,212.1,116.321,153.633
254,99.85,scaling,True,1776033734.378725,1776033734.393762,15.037,212.89,116.128,153.583
255,99.95,scaling,True,1776033734.38381,1776033734.4047759,20.966,211.78,115.935,153.533
256,99.9,scaling,True,1776033734.3888834,1776033734.4051435,16.26,212.54,115.742,153.483
257,99.89,scaling,False,1776033734.3940165,1776033734.4157841,21.768,211.5,115.549,153.432
259,99.94,scaling,True,1776033734.4042642,1776033734.4226859,18.422,211.13,115.356,153.382
258,100.0,scaling,True,1776033734.3991487,1776033734.4278014,28.653,211.06,115.163,153.332
261,99.93,scaling,False,1776033734.4144642,1776033734.433584,19.12,210.89,114.97,153.282
262,99.93,scaling,False,1776033734.4195783,1776033734.4338655,14.287,211.65,114.909,153.232
260,99.92,scaling,False,1776033734.4093707,1776033734.435028,25.657,212.25,114.847,153.181
263,100.2,scaling,True,1776033734.424683,1776033734.4422712,17.588,211.82,114.786,153.131
264,100.19,scaling,False,1776033734.4297824,1776033734.442537,12.755,212.58,114.724,153.081
265,100.09,scaling,True,1776033734.434878,1776033734.4544866,19.608,211.36,114.663,153.031
266,99.94,scaling,True,1776033734.4399772,1776033734.4547958,14.819,212.1,114.602,152.98
267,99.93,scaling,False,1776033734.4450703,1776033734.4634778,18.408,211.44,114.54,152.93
269,99.78,scaling,True,1776033734.455271,1776033734.4745286,19.258,210.39,114.479,152.88
270,99.78,scaling,False,1776033734.4603696,1776033734.47487,14.5,211.12,114.417,152.83
268,99.94,scaling,False,1776033734.4501724,1776033734.4783027,28.13,211.33,114.356,152.78
271,99.78,scaling,True,1776033734.4654553,1776033734.4832108,17.756,211.3,114.294,152.729
273,99.46,scaling,True,1776033734.475664,1776033734.495542,19.878,210.07,114.233,152.679
272,99.77,scaling,False,1776033734.4705598,1776033734.4958305,25.271,210.79,114.171,152.629
275,99.45,scaling,False,1776033734.4858806,1776033734.5043542,18.474,210.18,114.11,152.579
274,99.48,scaling,False,1776033734.4807782,1776033734.508096,27.318,210.34,114.049,152.528
276,99.45,scaling,False,1776033734.49099,1776033734.5173147,26.325,209.63,113.987,152.478
277,99.21,scaling,True,1776033734.4960935,1776033734.5196896,23.596,210.01,113.926,152.428
278,99.4,scaling,True,1776033734.5012105,1776033734.5199368,18.726,210.73,113.864,152.378
279,99.35,scaling,True,1776033734.506319,1776033734.524803,18.484,210.71,113.803,152.328
281,99.35,scaling,True,1776033734.5165818,1776033734.5351143,18.533,209.83,113.741,152.277
280,99.36,scaling,False,1776033734.511443,1776033734.5367632,25.32,210.32,113.702,152.227
283,99.29,scaling,True,1776033734.5268366,1776033734.545301,18.464,209.73,113.662,152.177
284,99.49,scaling,True,1776033734.5319495,1776033734.5455778,13.628,210.43,113.622,152.127
282,99.38,scaling,True,1776033734.521728,1776033734.546887,25.159,210.97,113.582,152.076
285,99.32,scaling,True,1776033734.5370436,1776033734.5551193,18.076,210.42,113.543,152.026
286,99.99,scaling,False,1776033734.5421476,1776033734.5673385,25.191,209.28,113.503,151.976
287,99.98,scaling,False,1776033734.547233,1776033734.5675673,20.334,209.97,113.463,151.926
289,100.21,scaling,True,1776033734.5574088,1776033734.5751066,17.698,209.55,113.423,151.875
288,100.18,scaling,True,1776033734.552321,1776033734.5783322,26.011,209.78,113.383,151.825
290,100.21,scaling,False,1776033734.5624957,1776033734.5873659,24.87,209.14,113.344,151.775
291,100.2,scaling,False,1776033734.5675786,1776033734.5876431,20.065,209.82,113.304,151.725
293,100.15,scaling,True,1776033734.5777566,1776033734.5960772,18.321,209.27,113.264,151.675
294,100.11,scaling,False,1776033734.5828416,1776033734.5963798,13.538,209.94,113.224,151.624
292,100.18,scaling,False,1776033734.5726743,1776033734.5979526,25.278,210.41,113.185,151.574
295,100.23,scaling,True,1776033734.5879374,1776033734.607498,19.561,209.7,113.145,151.524
296,100.51,scaling,True,1776033734.5930214,1776033734.607803,14.782,210.36,113.105,151.474
297,100.5,scaling,False,1776033734.5981066,1776033734.6171732,19.067,209.68,113.065,151.423
299,100.76,scaling,False,1776033734.6083014,1776033734.6255116,17.21,209.16,113.026,151.373
298,100.77,scaling,True,1776033734.6032097,1776033734.630021,26.811,209.2,112.986,151.323
301,100.64,scaling,False,1776033734.6185117,1776033734.6363604,17.849,208.97,112.946,151.273
302,100.67,scaling,False,1776033734.6236107,1776033734.6366527,13.042,209.62,112.795,151.269
300,100.65,scaling,True,1776033734.613402,1776033734.6377118,24.31,210.16,112.643,151.265
303,100.65,scaling,True,1776033734.6287181,1776033734.6485631,19.845,209.28,112.492,151.261
305,100.44,scaling,True,1776033734.6389358,1776033734.6574304,18.495,208.69,112.34,151.258
304,100.31,scaling,True,1776033734.6338272,1776033734.6606286,26.801,208.92,112.189,151.254
307,101.44,scaling,True,1776033734.6491203,1776033734.6690383,19.918,208.41,112.037,151.25
306,100.8,scaling,True,1776033734.644027,1776033734.6693132,25.286,209.05,111.886,151.246
309,101.26,scaling,True,1776033734.6593204,1776033734.6773708,18.05,208.58,111.734,151.243
308,101.36,scaling,True,1776033734.6542292,1776033734.6816576,27.428,208.66,111.583,151.239
311,101.37,scaling,False,1776033734.6695018,1776033734.6886358,19.134,208.35,111.431,151.235
310,101.37,scaling,True,1776033734.6644156,1776033734.689725,25.309,208.87,111.28,151.231
313,101.34,scaling,False,1776033734.6796906,1776033734.6985424,18.852,208.31,111.129,151.227
312,101.34,scaling,False,1776033734.674601,1776033734.7008104,26.209,208.66,110.977,151.224
314,101.55,scaling,True,1776033734.6847947,1776033734.7104297,25.635,207.99,110.826,151.22
315,101.46,scaling,True,1776033734.6898782,1776033734.7156167,25.738,207.94,110.674,151.216
316,101.3,scaling,True,1776033734.6949773,1776033734.7160769,21.1,208.54,110.523,151.212
317,101.27,scaling,False,1776033734.7000628,1776033734.719367,19.304,208.74,110.371,151.209
318,101.26,scaling,True,1776033734.7051623,1776033734.7196574,14.495,209.36,110.22,151.205
319,101.23,scaling,False,1776033734.7102551,1776033734.73206,21.805,208.32,110.068,151.201
320,101.26,scaling,True,1776033734.7153497,1776033734.7324004,17.051,208.92,109.917,151.197
321,101.15,scaling,True,1776033734.7204435,1776033734.7381628,17.719,208.79,109.871,151.194
322,101.15,scaling,True,1776033734.7255423,1776033734.738445,12.903,209.4,109.825,151.19
323,101.16,scaling,False,1776033734.730627,1776033734.7495215,18.894,208.55,109.779,151.186
325,102.25,scaling,False,1776033734.7408423,1776033734.7604132,19.571,207.74,109.733,151.182
324,102.23,scaling,True,1776033734.735736,1776033734.7610996,25.364,208.29,109.686,151.178
327,102.25,scaling,True,1776033734.7511327,1776033734.7692971,18.164,207.84,109.64,151.175
326,102.25,scaling,False,1776033734.7460203,1776033734.7733986,27.378,207.93,109.594,151.171
328,102.21,scaling,False,1776033734.756256,1776033734.7819788,25.723,207.44,109.548,151.167
329,102.23,scaling,False,1776033734.7613711,1776033734.7822673,20.896,208.03,109.502,151.163
330,102.26,scaling,True,1776033734.7664917,1776033734.7948165,28.325,207.02,109.456,151.16
331,102.2,scaling,True,1776033734.7716262,1776033734.795105,23.479,207.61,109.41,151.156
332,102.05,scaling,True,1776033734.7767458,1776033734.7953274,18.582,208.21,109.364,151.152
333,102.01,scaling,True,1776033734.7818837,1776033734.8002417,18.358,208.19,109.318,151.148
335,102.04,scaling,True,1776033734.7921002,1776033734.8111567,19.057,207.4,109.272,151.144
334,102.12,scaling,True,1776033734.7870052,1776033734.812358,25.353,207.87,109.226,151.141
337,102.13,scaling,True,1776033734.802292,1776033734.8203335,18.041,207.46,109.18,151.137
338,102.13,scaling,True,1776033734.8073943,1776033734.8206115,13.217,208.04,109.133,151.133
336,101.98,scaling,True,1776033734.7971952,1776033734.8229306,25.735,208.36,109.087,151.129
339,102.15,scaling,False,1776033734.8125048,1776033734.8312998,18.795,207.91,109.041,151.126
341,102.45,scaling,True,1776033734.8227005,1776033734.8422456,19.545,207.13,108.995,151.122
340,102.34,scaling,True,1776033734.817609,1776033734.8429437,25.335,207.65,108.943,151.118
342,102.46,scaling,True,1776033734.8278143,1776033734.8537195,25.905,206.9,108.891,151.114
343,102.37,scaling,True,1776033734.8328745,1776033734.854273,21.399,207.44,108.839,151.11
345,102.63,scaling,True,1776033734.8430853,1776033734.861188,18.103,207.18,108.787,151.107
344,102.48,scaling,True,1776033734.8379772,1776033734.8637137,25.737,207.46,108.735,151.103
347,102.73,scaling,True,1776033734.8533318,1776033734.871543,18.211,207.09,108.683,151.099
346,102.44,scaling,True,1776033734.8482103,1776033734.8730955,24.885,207.5,108.631,151.095
349,102.75,scaling,False,1776033734.8635561,1776033734.8819115,18.355,207.0,108.578,151.092
348,102.73,scaling,True,1776033734.8584535,1776033734.929925,71.471,201.85,108.526,151.088
351,102.79,scaling,False,1776033734.8737767,1776033734.9303112,56.535,202.38,108.474,151.084
350,102.76,scaling,True,1776033734.8686655,1776033734.9306116,61.946,202.92,108.422,151.08
352,102.72,scaling,True,1776033734.878882,1776033734.944899,66.017,201.84,108.37,151.077
353,102.69,scaling,True,1776033734.88397,1776033734.947105,63.135,202.15,108.318,151.073
354,102.84,scaling,True,1776033734.889068,1776033734.947411,58.343,202.69,108.266,151.069
361,102.82,scaling,False,1776033734.9247663,1776033734.9476426,22.876,203.23,108.214,151.065
359,102.83,scaling,True,1776033734.9145641,1776033734.947892,33.328,203.77,108.162,151.061
357,102.83,scaling,True,1776033734.9043648,1776033734.9481132,43.748,204.32,108.11,151.058
358,102.83,scaling,False,1776033734.9094646,1776033734.9483237,38.859,204.87,108.057,151.054
355,102.86,scaling,False,1776033734.894151,1776033734.9558756,61.725,204.55,108.005,151.05
356,102.83,scaling,False,1776033734.8992443,1776033734.956171,56.927,205.09,107.953,151.046
363,102.87,scaling,False,1776033734.9349823,1776033734.9615157,26.533,205.03,107.799,151.043
364,102.87,scaling,False,1776033734.9400826,1776033734.9617739,21.691,205.57,107.645,151.039
360,102.87,scaling,False,1776033734.919654,1776033734.9625924,42.938,206.04,107.49,151.035
362,102.87,scaling,True,1776033734.9298837,1776033734.9687688,38.885,205.89,107.336,151.031
365,102.85,scaling,False,1776033734.94517,1776033734.9744906,29.321,205.79,107.181,151.027
366,102.81,scaling,True,1776033734.9502625,1776033734.9747531,24.491,206.32,107.027,151.024
367,102.82,scaling,False,1776033734.955367,1776033734.980736,25.369,206.19,106.873,151.02
368,102.84,scaling,True,1776033734.960463,1776033734.9810517,20.589,206.71,106.718,151.016
369,103.12,scaling,True,1776033734.9655519,1776033734.9918272,26.275,206.03,106.564,151.012
370,102.94,scaling,True,1776033734.970646,1776033734.9921377,21.492,206.55,106.409,151.009
371,102.82,scaling,True,1776033734.975735,1776033734.9948614,19.126,206.79,106.255,151.005
372,103.04,scaling,True,1776033734.9808452,1776033734.9951296,14.284,207.32,106.101,151.001
373,103.06,scaling,False,1776033734.9859607,1776033735.0057805,19.82,206.65,105.946,150.997
375,103.72,scaling,False,1776033734.9961452,1776033735.0157464,19.601,206.07,105.792,150.993
376,103.66,scaling,True,1776033735.0012398,1776033735.0161417,14.902,206.57,105.637,150.99
374,102.89,scaling,True,1776033734.9910593,1776033735.0199394,28.88,206.69,105.483,150.986
377,103.66,scaling,True,1776033735.006328,1776033735.0244884,18.16,206.72,105.329,150.982
378,103.68,scaling,False,1776033735.011422,1776033735.0247517,13.33,207.24,105.174,150.978
379,103.59,scaling,True,1776033735.0165112,1776033735.0342197,17.709,206.72,105.02,150.975
380,103.46,scaling,True,1776033735.0216205,1776033735.0345325,12.912,207.23,104.866,150.971
381,104.16,scaling,True,1776033735.026715,1776033735.045921,19.206,206.49,104.829,150.967
383,103.93,scaling,True,1776033735.0368721,1776033735.056323,19.451,205.87,104.792,150.963
382,103.97,scaling,True,1776033735.0318217,1776033735.057637,25.815,206.26,104.756,150.96
385,104.1,scaling,False,1776033735.0470672,1776033735.0656137,18.547,205.92,104.719,150.956
386,103.81,scaling,True,1776033735.052171,1776033735.0659308,13.76,206.42,104.682,150.952
384,104.08,scaling,True,1776033735.0419762,1776033735.069362,27.386,206.58,104.645,150.948
387,103.63,scaling,True,1776033735.0572631,1776033735.0749235,17.66,206.5,104.609,150.944
389,103.59,scaling,False,1776033735.0674422,1776033735.086473,19.031,205.76,104.572,150.941
388,103.63,scaling,True,1776033735.062357,1776033735.0867572,24.4,206.26,104.535,150.937
391,103.75,scaling,True,1776033735.0776522,1776033735.0964098,18.758,205.74,104.499,150.933
390,103.5,scaling,True,1776033735.072544,1776033735.0991993,26.655,205.96,104.462,150.929
392,103.81,scaling,True,1776033735.0827746,1776033735.1079204,25.146,205.55,104.425,150.926
393,103.71,scaling,True,1776033735.0878668,1776033735.1120868,24.22,205.62,104.389,150.922
394,103.93,scaling,True,1776033735.092966,1776033735.1123374,19.371,206.12,104.352,150.918
395,103.96,scaling,False,1776033735.0982866,1776033735.1163309,18.044,206.21,104.315,150.914
396,103.76,scaling,True,1776033735.1033916,1776033735.1281874,24.796,205.46,104.279,150.91
397,103.95,scaling,True,1776033735.1084895,1776033735.1296048,21.115,205.83,104.242,150.907
398,103.85,scaling,True,1776033735.1135864,1776033735.1298263,16.24,206.32,104.205,150.903
399,103.87,scaling,True,1776033735.1186793,1776033735.1371963,18.517,206.05,104.169,150.899
401,103.85,scaling,False,1776033735.1288717,1776033735.1470678,18.196,205.52,104.132,150.895
400,103.83,scaling,False,1776033735.123775,1776033735.1491826,25.408,205.81,103.915,150.846
403,103.93,scaling,False,1776033735.1390805,1776033735.157866,18.785,205.41,103.699,150.797
402,103.97,scaling,True,1776033735.1339927,1776033735.159469,25.476,205.75,103.483,150.748
405,103.92,scaling,False,1776033735.1492739,1776033735.1664605,17.187,205.53,103.266,150.699
406,104.04,scaling,True,1776033735.1543813,1776033735.1668305,12.449,206.0,103.05,150.65
404,103.93,scaling,False,1776033735.144174,1776033735.1701398,25.966,206.16,102.833,150.601
407,103.85,scaling,True,1776033735.1594844,1776033735.1778004,18.316,205.87,102.617,150.552
409,103.76,scaling,True,1776033735.1697245,1776033735.1891577,19.433,205.2,102.4,150.503
408,103.8,scaling,True,1776033735.1646168,1776033735.189479,24.862,205.67,102.184,150.454
411,103.87,scaling,False,1776033735.1805422,1776033735.199593,19.051,205.13,101.967,150.404
412,103.85,scaling,False,1776033735.1856587,1776033735.1999967,14.338,205.58,101.751,150.355
410,103.87,scaling,True,1776033735.1754122,1776033735.2018976,26.485,205.89,101.535,150.306
413,103.92,scaling,True,1776033735.1907613,1776033735.2094033,18.642,205.62,101.318,150.257
414,103.92,scaling,False,1776033735.195882,1776033735.2097008,13.819,206.08,101.102,150.208
415,103.93,scaling,False,1776033735.2009947,1776033735.221432,20.437,205.38,100.885,150.159
417,104.08,scaling,True,1776033735.2112308,1776033735.2295005,18.27,205.06,100.669,150.11
418,104.1,scaling,False,1776033735.2163498,1776033735.2298164,13.467,205.52,100.452,150.061
416,103.95,scaling,False,1776033735.206121,1776033735.2342558,28.135,205.56,100.236,150.012
419,104.45,scaling,True,1776033735.221594,1776033735.239103,17.509,205.56,100.019,149.963
421,104.27,scaling,True,1776033735.2318268,1776033735.2502353,18.409,204.94,99.803,149.914
420,104.47,scaling,False,1776033735.2267125,1776033735.250956,24.244,205.35,99.787,149.865
423,104.24,scaling,True,1776033735.2420657,1776033735.2594967,17.431,204.99,99.771,149.815
424,103.94,scaling,True,1776033735.2471838,1776033735.2597973,12.614,205.44,99.755,149.766
422,104.18,scaling,True,1776033735.236955,1776033735.262372,25.417,205.67,99.739,149.717
425,103.61,scaling,True,1776033735.2522924,1776033735.2742405,21.948,204.98,99.723,149.668
426,103.6,scaling,False,1776033735.2574034,1776033735.2745395,17.136,205.43,99.707,149.619
431,103.94,scaling,False,1776033735.2829852,1776033735.300573,17.588,203.36,99.691,149.57
432,103.94,scaling,False,1776033735.2881057,1776033735.3009999,12.894,203.8,99.676,149.521
433,103.92,scaling,True,1776033735.2932227,1776033735.3115377,18.315,203.25,99.66,149.472
434,103.93,scaling,False,1776033735.298341,1776033735.311871,13.53,203.69,99.644,149.423
435,104.33,scaling,True,1776033735.303461,1776033735.3219147,18.454,203.2,99.628,149.374
436,104.45,scaling,True,1776033735.3085802,1776033735.3222182,13.638,203.64,99.612,149.325
427,103.6,scaling,False,1776033735.2625353,1776033735.3236516,61.116,203.98,99.596,149.275
437,104.36,scaling,True,1776033735.3136873,1776033735.3328836,19.196,203.56,99.58,149.226
439,104.89,scaling,True,1776033735.3238878,1776033735.342557,18.669,203.11,99.564,149.177
440,104.66,scaling,True,1776033735.3290086,1776033735.3428717,13.863,203.55,99.548,149.128
438,104.95,scaling,True,1776033735.3188012,1776033735.3454669,26.666,203.77,99.532,149.079
428,103.63,scaling,False,1776033735.2676463,1776033735.3457227,78.076,204.21,99.516,149.03
429,103.6,scaling,True,1776033735.2727523,1776033735.3459496,73.197,204.65,99.5,148.981
430,103.94,scaling,True,1776033735.2778726,1776033735.3461304,68.258,205.1,99.484,148.932
441,104.6,scaling,True,1776033735.3341198,1776033735.3567894,22.67,204.55,99.247,148.883
442,104.48,scaling,True,1776033735.3392582,1776033735.3571053,17.847,204.98,99.009,148.834
443,104.2,scaling,True,1776033735.3443735,1776033735.3623178,17.944,204.95,98.771,148.785
444,104.25,scaling,True,1776033735.349493,1776033735.3626344,13.141,205.38,98.533,148.735
445,104.41,scaling,True,1776033735.3546045,1776033735.3737779,19.173,204.79,98.295,148.686
446,104.29,scaling,True,1776033735.3597236,1776033735.374099,14.375,205.22,98.057,148.637
447,104.14,scaling,True,1776033735.3648298,1776033735.3834584,18.629,204.8,97.819,148.588
448,104.45,scaling,True,1776033735.369951,1776033735.3837907,13.84,205.23,97.581,148.539
449,104.47,scaling,False,1776033735.3750615,1776033735.393345,18.284,204.79,97.343,148.49
450,104.31,scaling,True,1776033735.380181,1776033735.3936663,13.485,205.21,97.106,148.441
451,105.49,scaling,True,1776033735.385285,1776033735.4035556,18.271,204.75,96.868,148.392
453,105.5,scaling,True,1776033735.3958397,1776033735.4153419,19.502,204.11,96.63,148.343
452,105.48,scaling,False,1776033735.3903956,1776033735.415683,25.287,204.53,96.392,148.294
454,105.49,scaling,False,1776033735.4011223,1776033735.4302065,29.084,203.65,96.154,148.245
455,105.53,scaling,True,1776033735.406218,1776033735.430531,24.313,204.07,95.916,148.196
456,105.15,scaling,True,1776033735.4113224,1776033735.430779,19.457,204.49,95.678,148.146
457,105.3,scaling,True,1776033735.416413,1776033735.434194,17.781,204.62,95.44,148.097
459,105.13,scaling,True,1776033735.4266052,1776033735.4431558,16.551,204.25,95.202,148.048
458,105.15,scaling,True,1776033735.4215143,1776033735.446461,24.947,204.4,94.964,147.999
460,105.38,scaling,False,1776033735.4316974,1776033735.4536505,21.953,204.19,94.727,147.95
461,105.37,scaling,False,1776033735.436788,1776033735.4563138,19.526,204.39,94.711,147.901
463,105.4,scaling,False,1776033735.4469802,1776033735.4653475,18.367,204.02,94.695,147.852
462,105.34,scaling,True,1776033735.4418895,1776033735.4682772,26.388,204.2,94.679,147.803
465,105.4,scaling,False,1776033735.457178,1776033735.4786801,21.502,203.7,94.664,147.754
464,105.39,scaling,False,1776033735.4520788,1776033735.478984,26.905,204.11,94.648,147.705
467,105.45,scaling,True,1776033735.4673686,1776033735.4904528,23.084,203.53,94.632,147.656
468,105.46,scaling,True,1776033735.4724655,1776033735.490781,18.316,203.94,94.617,147.606
466,105.41,scaling,True,1776033735.4622793,1776033735.4910505,28.771,204.35,94.601,147.557
469,105.49,scaling,False,1776033735.477578,1776033735.495409,17.831,204.4,94.585,147.508
470,105.72,scaling,True,1776033735.4826944,1776033735.495692,12.998,204.81,94.569,147.459
471,105.7,scaling,False,1776033735.4877954,1776033735.5068843,19.089,204.25,94.554,147.41
472,105.58,scaling,True,1776033735.4928727,1776033735.507197,14.324,204.65,94.538,147.361
473,105.91,scaling,True,1776033735.4979737,1776033735.5171442,19.171,204.21,94.522,147.312
475,105.67,scaling,True,1776033735.5081608,1776033735.5300589,21.898,203.5,94.507,147.263
474,105.93,scaling,False,1776033735.5030727,1776033735.5303679,27.295,203.91,94.491,147.214
477,105.68,scaling,True,1776033735.5183432,1776033735.5419517,23.608,203.32,94.475,147.165
478,105.51,scaling,True,1776033735.5234447,1776033735.5422754,18.831,203.72,94.459,147.116
476,105.49,scaling,True,1776033735.5132546,1776033735.542526,29.271,204.13,94.444,147.066
479,105.36,scaling,True,1776033735.5285342,1776033735.5551958,26.662,203.46,94.428,147.017
480,105.33,scaling,False,1776033735.5336235,1776033735.5554986,21.875,203.85,94.412,146.968
481,105.35,scaling,False,1776033735.5387225,1776033735.5669837,28.261,203.29,93.729,146.919
482,105.35,scaling,False,1776033735.5438237,1776033735.5672908,23.467,203.68,93.046,146.87
483,105.27,scaling,True,1776033735.548913,1776033735.5675373,18.624,204.08,92.363,146.821
485,105.39,scaling,True,1776033735.5591037,1776033735.5777273,18.624,203.63,91.68,146.772
484,105.35,scaling,True,1776033735.5540085,1776033735.5794978,25.489,203.9,90.997,146.723
487,105.39,scaling,True,1776033735.5693197,1776033735.5872383,17.919,203.66,90.314,146.674
486,105.42,scaling,False,1776033735.5642211,1776033735.5899131,25.692,203.85,89.631,146.625
489,105.48,scaling,False,1776033735.5795097,1776033735.5984552,18.945,203.54,88.948,146.576
488,105.45,scaling,True,1776033735.5744164,1776033735.5999324,25.516,203.83,88.265,146.527
491,105.43,scaling,True,1776033735.5897133,1776033735.6081874,18.474,203.55,87.582,146.477
490,105.48,scaling,False,1776033735.5846162,1776033735.6104343,25.818,203.77,86.899,146.428
493,105.53,scaling,True,1776033735.599867,1776033735.6188421,18.975,203.48,86.216,146.379
492,105.54,scaling,True,1776033735.5948184,1776033735.6199825,25.164,203.79,85.533,146.33
495,105.48,scaling,False,1776033735.6100614,1776033735.6282315,18.17,203.51,84.85,146.281
496,105.22,scaling,True,1776033735.6151595,1776033735.6285698,13.41,203.9,84.166,146.232
494,105.5,scaling,False,1776033735.604965,1776033735.6319852,27.02,204.02,83.483,146.183
497,105.23,scaling,True,1776033735.62026,1776033735.6396897,19.43,203.79,82.8,146.134
498,105.45,scaling,True,1776033735.6253564,1776033735.6400282,14.672,204.17,82.117,146.085
499,105.49,scaling,True,1776033735.6304638,1776033735.6481998,17.736,203.89,81.434,146.036
500,105.33,scaling,True,1776033735.6355696,1776033735.660404,24.834,203.29,80.751,145.987
501,105.36,scaling,True,1776033735.6406918,1776033735.6607075,20.016,203.67,80.653,145.986
502,105.35,scaling,False,1776033735.645788,1776033735.6609883,15.2,204.05,80.554,145.986
503,105.5,scaling,True,1776033735.6508741,1776033735.6715653,20.691,203.59,80.455,145.986
504,105.67,scaling,True,1776033735.6559708,1776033735.6718428,15.872,203.97,80.357,145.985
505,105.68,scaling,False,1776033735.6610699,1776033735.680026,18.956,203.7,80.258,145.985
506,105.69,scaling,False,1776033735.666169,1776033735.6803055,14.137,204.08,80.16,145.985
507,105.63,scaling,True,1776033735.671259,1776033735.6899009,18.642,203.69,80.061,145.985
509,105.62,scaling,False,1776033735.681461,1776033735.699735,18.274,203.29,79.963,145.984
508,105.63,scaling,False,1776033735.6763563,1776033735.7027116,26.355,203.45,79.864,145.984
511,105.51,scaling,True,1776033735.6916566,1776033735.7096195,17.963,203.29,79.766,145.984
510,105.66,scaling,False,1776033735.686562,1776033735.7120657,25.504,203.49,79.667,145.984
513,105.61,scaling,False,1776033735.7018418,1776033735.7200012,18.159,203.24,79.568,145.983
512,105.63,scaling,True,1776033735.6967525,1776033735.7219224,25.17,203.49,79.47,145.983
515,106.0,scaling,True,1776033735.7120473,1776033735.7302315,18.184,203.21,79.371,145.983
516,106.0,scaling,False,1776033735.7171357,1776033735.7305062,13.371,203.59,79.273,145.983
514,106.18,scaling,True,1776033735.7069533,1776033735.731555,24.602,203.9,79.174,145.982
517,105.92,scaling,True,1776033735.722226,1776033735.7409127,18.687,203.54,79.076,145.982
519,105.9,scaling,False,1776033735.7324157,1776033735.750187,17.771,203.19,78.977,145.982
518,105.9,scaling,False,1776033735.7273276,1776033735.7536447,26.317,203.31,78.878,145.982
521,106.01,scaling,True,1776033735.742597,1776033735.7601218,17.525,203.18,78.78,145.981
520,105.92,scaling,False,1776033735.7375095,1776033735.761566,24.056,203.46,78.745,145.981
523,106.11,scaling,False,1776033735.75278,1776033735.777575,24.795,202.59,78.71,145.981
524,106.12,scaling,False,1776033735.7578845,1776033735.777878,19.994,202.95,78.674,145.98
522,106.1,scaling,True,1776033735.7476928,1776033735.778127,30.434,203.32,78.639,145.98
525,106.09,scaling,True,1776033735.7629817,1776033735.7820685,19.087,203.39,78.604,145.98
527,105.32,scaling,True,1776033735.7731647,1776033735.792826,19.661,202.94,78.569,145.98
526,105.28,scaling,True,1776033735.7680795,1776033735.7968993,28.82,203.0,78.534,145.979
529,105.18,scaling,True,1776033735.783371,1776033735.8015115,18.141,203.03,78.499,145.979
528,105.35,scaling,True,1776033735.7782617,1776033735.8059342,27.673,203.07,78.463,145.979
530,105.22,scaling,False,1776033735.788476,1776033735.8151064,26.63,202.74,78.428,145.979
531,105.14,scaling,True,1776033735.7935739,1776033735.817798,24.224,202.91,78.393,145.978
532,105.12,scaling,False,1776033735.7986732,1776033735.8180952,19.422,203.27,78.358,145.978
533,105.4,scaling,True,1776033735.8037672,1776033735.8212492,17.482,203.41,78.323,145.978
534,105.29,scaling,True,1776033735.808872,1776033735.8437235,34.852,202.06,78.287,145.978
535,105.41,scaling,True,1776033735.8139694,1776033735.8455334,31.564,202.3,78.252,145.977
537,105.38,scaling,False,1776033735.8241684,1776033735.8547773,30.609,201.97,78.217,145.977
538,105.2,scaling,True,1776033735.8292863,1776033735.855099,25.813,202.32,78.182,145.977
539,105.27,scaling,True,1776033735.8343985,1776033735.8566945,22.296,202.58,78.147,145.977
536,105.38,scaling,True,1776033735.819066,1776033735.857717,38.651,202.87,78.112,145.976
541,105.09,scaling,True,1776033735.8446019,1776033735.8620863,17.484,202.92,78.076,145.976
542,105.11,scaling,False,1776033735.8496988,1776033735.8623855,12.687,203.27,77.957,145.976
540,105.19,scaling,True,1776033735.8395,1776033735.8687453,29.245,203.16,77.838,145.975
543,105.16,scaling,True,1776033735.8547952,1776033735.8724816,17.686,203.25,77.719,145.975
545,105.2,scaling,False,1776033735.8649871,1776033735.8810427,16.056,202.97,77.6,145.975
544,105.17,scaling,False,1776033735.8598902,1776033735.8842468,24.357,203.1,77.481,145.975
546,105.48,scaling,True,1776033735.870086,1776033735.8923988,22.313,202.86,77.362,145.974
549,105.54,scaling,False,1776033735.885362,1776033735.903147,17.785,202.42,77.243,145.974
547,105.5,scaling,False,1776033735.8751788,1776033735.9044578,29.279,202.69,77.124,145.974
548,105.52,scaling,True,1776033735.8802764,1776033735.9046845,24.408,203.05,77.005,145.974
551,106.24,scaling,True,1776033735.8955524,1776033735.9132178,17.665,202.78,76.886,145.973
552,106.51,scaling,True,1776033735.9006445,1776033735.9135084,12.864,203.12,76.767,145.973
550,106.04,scaling,True,1776033735.8904586,1776033735.9148638,24.405,203.39,76.648,145.973
553,106.42,scaling,True,1776033735.9057379,1776033735.9255345,19.797,202.96,76.529,145.973
555,106.73,scaling,False,1776033735.9159513,1776033735.9351676,19.216,202.61,76.41,145.972
554,106.73,scaling,True,1776033735.9108472,1776033735.9359818,25.135,202.92,76.291,145.972
557,106.7,scaling,True,1776033735.926139,1776033735.9441655,18.026,202.68,76.171,145.972
556,107.05,scaling,True,1776033735.9210505,1776033735.9479399,26.889,202.76,76.052,145.971
559,106.14,scaling,False,1776033735.9363542,1776033735.9554603,19.106,202.57,75.933,145.971
560,106.14,scaling,False,1776033735.9414582,1776033735.9558196,14.361,202.91,75.814,145.971
558,106.7,scaling,True,1776033735.9312363,1776033735.9564285,25.192,203.23,75.695,145.971
561,106.1,scaling,True,1776033735.9465754,1776033735.9645398,17.964,202.99,75.604,145.97
563,106.13,scaling,True,1776033735.956796,1776033735.9746356,17.84,202.61,75.512,145.97
562,106.07,scaling,True,1776033735.9516952,1776033735.9755538,23.859,202.91,75.421,145.97
565,105.92,scaling,True,1776033735.9669988,1776033735.9844205,17.422,202.62,75.329,145.97
564,106.12,scaling,False,1776033735.9618983,1776033735.9882808,26.382,202.7,75.238,145.969
567,105.88,scaling,False,1776033735.9772048,1776033735.9951935,17.989,202.55,75.146,145.969
566,105.89,scaling,False,1776033735.9721038,1776033735.9967504,24.647,202.8,75.055,145.969
568,105.49,scaling,True,1776033735.982309,1776033736.0074425,25.133,202.38,74.963,145.969
569,105.66,scaling,True,1776033735.987396,1776033736.0086317,21.236,202.65,74.872,145.968
570,105.68,scaling,False,1776033735.9924934,1776033736.0088687,16.375,202.99,74.78,145.968
571,105.74,scaling,True,1776033735.997592,1776033736.0151908,17.599,202.89,74.689,145.968
572,105.57,scaling,True,1776033736.002689,1776033736.015531,12.842,203.22,74.597,145.968
573,105.54,scaling,True,1776033736.0077832,1776033736.026916,19.133,202.76,74.506,145.967
574,105.53,scaling,False,1776033736.0128713,1776033736.0272405,14.369,203.09,74.414,145.967
575,105.78,scaling,True,1776033736.017963,1776033736.0366745,18.712,202.77,74.323,145.967
576,105.97,scaling,True,1776033736.023063,1776033736.0370595,13.997,203.09,74.231,145.966
577,105.91,scaling,True,1776033736.028155,1776033736.0465837,18.429,202.76,74.14,145.966
578,106.03,scaling,True,1776033736.0332546,1776033736.0588367,25.582,202.24,74.048,145.966
579,106.19,scaling,True,1776033736.0383465,1776033736.0679104,29.564,201.95,73.957,145.966
580,106.12,scaling,True,1776033736.0434518,1776033736.0682316,24.78,202.28,73.865,145.965
581,106.13,scaling,True,1776033736.0485423,1776033736.0685034,19.961,202.61,73.832,145.965
582,106.13,scaling,False,1776033736.053642,1776033736.0687203,15.078,202.94,73.799,145.965
583,106.14,scaling,False,1776033736.0587392,1776033736.0769992,18.26,202.7,73.765,145.965
584,106.14,scaling,True,1776033736.0638363,1776033736.0895941,25.758,202.17,73.732,145.964
587,106.03,scaling,True,1776033736.0791616,1776033736.0971632,18.002,201.98,73.698,145.964
585,106.06,scaling,True,1776033736.068957,1776033736.1014478,32.491,202.03,73.665,145.964
586,106.15,scaling,True,1776033736.0740638,1776033736.1017418,27.678,202.35,73.632,145.964
589,105.49,scaling,False,1776033736.0893822,1776033736.1073802,17.998,202.31,73.598,145.963
590,105.92,scaling,False,1776033736.094487,1776033736.1077116,13.225,202.63,73.565,145.963
588,105.52,scaling,True,1776033736.0842817,1776033736.108958,24.676,202.88,73.531,145.963
591,105.85,scaling,True,1776033736.0995808,1776033736.1189034,19.323,202.54,73.498,145.962
592,105.71,scaling,True,1776033736.104681,1776033736.1192267,14.546,202.85,73.465,145.962
593,105.7,scaling,False,1776033736.1097736,1776033736.1284664,18.693,202.56,73.431,145.962
594,105.8,scaling,True,1776033736.1148698,1776033736.1287882,13.918,202.88,73.398,145.962
595,105.81,scaling,True,1776033736.1199558,1776033736.139805,19.849,202.46,73.364,145.961
596,105.55,scaling,True,1776033736.1250594,1776033736.1401968,15.137,202.77,73.331,145.961
597,105.81,scaling,True,1776033736.1301541,1776033736.1489196,18.765,202.51,73.298,145.961
598,105.85,scaling,True,1776033736.1352494,1776033736.1492443,13.995,202.82,73.264,145.961
599,105.94,scaling,True,1776033736.1403391,1776033736.1582887,17.95,202.54,73.231,145.96
600,106.05,scaling,True,1776033736.1454375,1776033736.158659,13.222,202.86,73.197,145.96
601,106.26,scaling,True,1776033736.1505494,1776033736.1698701,19.321,202.43,73.111,145.928
602,106.25,scaling,False,1776033736.1556523,1776033736.170195,14.543,202.74,73.025,145.896
603,106.24,scaling,True,1776033736.1607456,1776033736.1806405,19.895,202.37,72.938,145.864
604,106.34,scaling,True,1776033736.16584,1776033736.1810534,15.213,202.67,72.852,145.832
605,106.37,scaling,True,1776033736.1709402,1776033736.1892636,18.323,202.45,72.766,145.8
606,106.37,scaling,False,1776033736.1760426,1776033736.1896093,13.567,202.76,72.68,145.769
607,106.32,scaling,True,1776033736.1811335,1776033736.1992064,18.073,202.45,72.593,145.737
608,106.23,scaling,True,1776033736.1862288,1776033736.199528,13.299,202.76,72.507,145.705
609,106.51,scaling,True,1776033736.191316,1776033736.2108784,19.562,202.33,72.421,145.673
610,106.46,scaling,True,1776033736.19641,1776033736.2111874,14.777,202.64,72.334,145.641
611,106.43,scaling,True,1776033736.201511,1776033736.2205966,19.086,202.34,72.248,145.609
612,106.4,scaling,False,1776033736.2066092,1776033736.2209504,14.341,202.64,72.162,145.577
613,106.42,scaling,False,1776033736.211708,1776033736.2322235,20.515,202.22,72.076,145.545
614,106.41,scaling,False,1776033736.216827,1776033736.2325685,15.742,202.53,71.989,145.513
615,107.19,scaling,True,1776033736.2219346,1776033736.2442575,22.323,202.08,71.903,145.481
616,107.18,scaling,False,1776033736.2270467,1776033736.244574,17.527,202.39,71.817,145.449
617,107.17,scaling,False,1776033736.2322319,1776033736.2517815,19.55,202.24,71.73,145.417
619,107.48,scaling,True,1776033736.2424722,1776033736.2602253,17.753,202.01,71.644,145.385
620,107.5,scaling,False,1776033736.2475917,1776033736.2605405,12.949,202.31,71.558,145.353
618,107.5,scaling,True,1776033736.2373617,1776033736.2644784,27.117,202.38,71.471,145.321
621,107.5,scaling,False,1776033736.2527013,1776033736.271384,18.683,202.25,71.311,145.29
622,107.48,scaling,False,1776033736.2578182,1776033736.27177,13.952,202.55,71.15,145.258
623,107.5,scaling,False,1776033736.2629273,1776033736.281975,19.048,202.2,70.989,145.226
625,107.36,scaling,False,1776033736.2731502,1776033736.2912188,18.069,201.92,70.829,145.194
626,107.36,scaling,False,1776033736.2782698,1776033736.2915368,13.267,202.22,70.668,145.162
624,107.37,scaling,True,1776033736.2680416,1776033736.2950463,27.005,202.32,70.507,145.13
627,107.57,scaling,True,1776033736.283374,1776033736.300297,16.923,202.3,70.347,145.098
628,107.56,scaling,False,1776033736.2884834,1776033736.3096218,21.138,202.01,70.186,145.066
629,107.58,scaling,False,1776033736.293588,1776033736.3115034,17.915,202.21,70.025,145.034
631,107.76,scaling,True,1776033736.3040133,1776033736.3222637,18.25,201.84,69.865,145.002
632,107.77,scaling,False,1776033736.3091395,1776033736.3225887,13.449,202.13,69.704,144.97
630,107.56,scaling,True,1776033736.2987082,1776033736.3239264,25.218,202.37,69.543,144.938
633,107.9,scaling,True,1776033736.3143747,1776033736.333965,19.59,202.04,69.383,144.906
634,107.87,scaling,False,1776033736.3194945,1776033736.3342993,14.805,202.34,69.222,144.874
635,107.9,scaling,False,1776033736.3246024,1776033736.3440337,19.431,202.03,69.061,144.842
636,107.71,scaling,True,1776033736.3297162,1776033736.3443525,14.636,202.32,68.901,144.811
637,107.72,scaling,False,1776033736.3348253,1776033736.3554106,20.585,201.93,68.74,144.779
638,107.81,scaling,True,1776033736.339955,1776033736.3557658,15.811,202.23,68.579,144.747
639,107.83,scaling,False,1776033736.3450646,1776033736.368591,23.526,201.72,68.418,144.715
640,107.96,scaling,True,1776033736.3501852,1776033736.3689265,18.741,202.02,68.258,144.683
641,107.93,scaling,False,1776033736.3555863,1776033736.3735762,17.99,202.04,68.153,144.651
642,107.9,scaling,True,1776033736.3607066,1776033736.3739183,13.212,202.33,68.048,144.619
643,108.09,scaling,True,1776033736.3658183,1776033736.384591,18.773,201.97,67.943,144.587
644,107.97,scaling,True,1776033736.3708954,1776033736.384944,14.049,202.26,67.838,144.555
645,108.21,scaling,True,1776033736.376007,1776033736.3949285,18.921,201.94,67.733,144.523
646,108.14,scaling,True,1776033736.381126,1776033736.3952732,14.147,202.23,67.628,144.491
647,107.97,scaling,True,1776033736.3862374,1776033736.4046092,18.372,201.95,67.523,144.459
648,107.96,scaling,False,1776033736.3913565,1776033736.405003,13.647,202.24,67.419,144.427
649,107.95,scaling,False,1776033736.3964736,1776033736.415607,19.133,201.89,67.314,144.395
650,107.94,scaling,False,1776033736.401593,1776033736.4159458,14.353,202.17,67.209,144.364
651,108.23,scaling,True,1776033736.4066873,1776033736.42444,17.753,201.95,67.104,144.332
653,108.08,scaling,True,1776033736.416872,1776033736.4356992,18.827,201.56,66.999,144.3
652,108.47,scaling,True,1776033736.4117868,1776033736.4360552,24.268,201.85,66.894,144.268
655,108.07,scaling,False,1776033736.4270692,1776033736.445201,18.132,201.59,66.789,144.236
656,109.02,scaling,False,1776033736.4321678,1776033736.4455264,13.359,201.87,66.684,144.204
654,108.06,scaling,True,1776033736.4219706,1776033736.447861,25.89,202.04,66.579,144.172
657,109.01,scaling,False,1776033736.4372535,1776033736.4562118,18.958,201.82,66.474,144.14
659,109.13,scaling,True,1776033736.4474673,1776033736.465264,17.797,201.57,66.37,144.108
658,109.01,scaling,False,1776033736.4423525,1776033736.4730644,30.712,201.4,66.265,144.076
661,109.25,scaling,True,1776033736.4577162,1776033736.4806762,22.96,201.23,66.16,144.044
662,109.06,scaling,True,1776033736.4628341,1776033736.4809952,18.161,201.52,66.153,144.012
660,109.14,scaling,False,1776033736.4525952,1776033736.481809,29.214,201.77,66.145,143.98
663,108.98,scaling,True,1776033736.4679375,1776033736.4865682,18.631,201.79,66.138,143.948
665,109.01,scaling,False,1776033736.4781277,1776033736.4963377,18.21,201.49,66.131,143.916
664,108.99,scaling,True,1776033736.473041,1776033736.502237,29.196,201.43,66.124,143.885
666,109.03,scaling,True,1776033736.483215,1776033736.5085216,25.306,201.35,66.117,143.853
667,109.19,scaling,True,1776033736.4883215,1776033736.508885,20.563,201.63,66.11,143.821
668,109.09,scaling,True,1776033736.4934247,1776033736.5197673,26.343,201.27,66.103,143.789
669,109.03,scaling,True,1776033736.49852,1776033736.5200756,21.556,201.56,66.096,143.757
671,109.19,scaling,True,1776033736.508725,1776033736.5281754,19.45,201.37,66.088,143.725
670,109.07,scaling,False,1776033736.5036256,1776033736.5313654,27.74,201.47,66.081,143.693
672,109.16,scaling,True,1776033736.5138216,1776033736.5407763,26.955,201.21,66.074,143.661
673,109.15,scaling,False,1776033736.518886,1776033736.5437534,24.867,201.33,66.067,143.629
674,109.18,scaling,False,1776033736.5239854,1776033736.544068,20.083,201.61,66.06,143.597
675,109.18,scaling,False,1776033736.5290864,1776033736.5470755,17.989,201.72,66.053,143.565
677,109.17,scaling,False,1776033736.5393121,1776033736.5988204,59.508,198.95,66.046,143.533
676,109.2,scaling,False,1776033736.5342033,1776033736.599249,65.046,199.22,66.039,143.501
687,109.25,scaling,False,1776033736.5904627,1776033736.6190057,28.543,198.36,66.031,143.469
678,109.17,scaling,False,1776033736.5444221,1776033736.6194186,74.996,198.63,66.265,143.438
679,109.17,scaling,False,1776033736.5495384,1776033736.6196961,70.158,198.91,68.258,143.406
680,108.99,scaling,True,1776033736.554669,1776033736.6199243,65.255,199.18,68.153,143.374
681,109.0,scaling,False,1776033736.5597794,1776033736.6201556,60.376,199.46,68.048,143.342
682,108.83,scaling,True,1776033736.5648954,1776033736.6203516,55.456,199.74,67.943,143.31
691,108.8,scaling,True,1776033736.6109555,1776033736.6290627,18.107,199.53,67.838,143.278
688,109.25,scaling,True,1776033736.5955787,1776033736.632348,36.769,199.63,67.733,143.246
685,108.73,scaling,False,1776033736.5802326,1776033736.6330605,52.828,199.88,67.628,143.214
686,109.23,scaling,True,1776033736.5853522,1776033736.6333318,47.98,200.15,67.523,143.182
683,108.83,scaling,False,1776033736.5700066,1776033736.6335757,63.569,200.43,67.419,143.15
684,108.73,scaling,True,1776033736.5751216,1776033736.6338005,58.679,200.71,67.314,143.118
689,109.25,scaling,False,1776033736.6006894,1776033736.6340058,33.316,200.99,67.209,143.086
690,108.9,scaling,True,1776033736.6058218,1776033736.6342,28.378,201.27,67.104,143.054
693,108.65,scaling,True,1776033736.621198,1776033736.6404648,19.267,201.19,66.999,143.022
692,108.8,scaling,True,1776033736.6160781,1776033736.6413825,25.304,201.43,66.894,142.99
695,108.67,scaling,True,1776033736.6314485,1776033736.6491911,17.743,201.26,66.789,142.959
694,108.63,scaling,False,1776033736.6263294,1776033736.6520429,25.713,201.38,66.684,142.927
696,108.65,scaling,True,1776033736.636568,1776033736.6608794,24.311,201.16,66.579,142.895
697,108.67,scaling,False,1776033736.6416929,1776033736.6650412,23.348,201.21,66.474,142.863
698,108.75,scaling,True,1776033736.646816,1776033736.6653502,18.534,201.48,66.37,142.831
699,108.83,scaling,True,1776033736.6519322,1776033736.6734648,21.533,201.29,66.265,142.799
701,108.59,scaling,True,1776033736.6621873,1776033736.6846786,22.491,200.93,66.16,142.767
700,108.85,scaling,True,1776033736.6570516,1776033736.685016,27.964,201.2,66.153,142.749
703,108.55,scaling,True,1776033736.6724257,1776033736.6890252,16.599,201.26,66.145,142.731
702,108.59,scaling,False,1776033736.6673033,1776033736.6969166,29.613,201.09,66.138,142.713
705,108.58,scaling,True,1776033736.682685,1776033736.7007248,18.04,201.15,66.131,142.695
704,108.59,scaling,True,1776033736.677552,1776033736.7014012,23.849,201.4,66.124,142.677
707,108.56,scaling,True,1776033736.6928866,1776033736.7093368,16.45,201.23,66.117,142.659
706,108.43,scaling,True,1776033736.6878133,1776033736.7136862,25.873,201.27,66.11,142.641
708,108.56,scaling,False,1776033736.6980007,1776033736.7195072,21.507,201.22,66.103,142.623
709,108.57,scaling,False,1776033736.7031038,1776033736.7212367,18.133,201.4,66.096,142.605
711,108.47,scaling,False,1776033736.7133045,1776033736.7318683,18.564,201.08,66.088,142.587
710,108.48,scaling,True,1776033736.7082028,1776033736.733436,25.233,201.27,66.081,142.569
713,108.53,scaling,True,1776033736.7235034,1776033736.740162,16.659,201.17,66.074,142.551
712,108.43,scaling,True,1776033736.7184083,1776033736.7439694,25.561,201.24,66.067,142.533
714,108.0,scaling,True,1776033736.728602,1776033736.7507381,22.136,201.14,66.06,142.515
715,107.95,scaling,True,1776033736.7336953,1776033736.7522058,18.511,201.34,66.053,142.498
716,107.57,scaling,True,1776033736.7388072,1776033736.7623308,23.524,201.04,66.046,142.48
717,107.65,scaling,True,1776033736.7438667,1776033736.7632072,19.341,201.28,66.039,142.462
719,107.35,scaling,True,1776033736.754088,1776033736.7718248,17.737,201.07,66.031,142.444
718,107.69,scaling,True,1776033736.748969,1776033736.7748408,25.872,201.18,66.024,142.426
721,107.08,scaling,True,1776033736.7642968,1776033736.78353,19.233,200.97,66.017,142.408
720,107.16,scaling,True,1776033736.7591991,1776033736.7838464,24.647,201.23,65.979,142.39
723,107.02,scaling,True,1776033736.7744787,1776033736.7922864,17.808,201.04,65.941,142.372
722,107.01,scaling,True,1776033736.7693908,1776033736.7953916,26.001,201.14,65.903,142.354
724,107.0,scaling,False,1776033736.7795765,1776033736.803689,24.112,200.96,65.865,142.336
725,107.02,scaling,False,1776033736.7846725,1776033736.808327,23.654,200.98,65.827,142.318
726,106.83,scaling,True,1776033736.789779,1776033736.808638,18.859,201.24,65.789,142.3
727,106.79,scaling,True,1776033736.7948725,1776033736.8146956,19.823,201.17,65.751,142.282
729,106.79,scaling,True,1776033736.805069,1776033736.8258004,20.731,200.83,65.712,142.264
730,106.77,scaling,False,1776033736.8101776,1776033736.8261216,15.944,201.09,65.674,142.246
728,106.79,scaling,False,1776033736.7999742,1776033736.8263903,26.416,201.35,65.636,142.228
731,106.96,scaling,True,1776033736.8152735,1776033736.8343208,19.047,201.19,65.598,142.21
733,106.89,scaling,True,1776033736.825466,1776033736.843393,17.927,200.96,65.56,142.192
732,106.95,scaling,False,1776033736.8203726,1776033736.8473039,26.931,201.02,65.522,142.174
734,106.93,scaling,True,1776033736.830574,1776033736.8559306,25.357,200.82,65.484,142.156
735,106.93,scaling,False,1776033736.8356717,1776033736.8563502,20.679,201.07,65.446,142.138
737,107.0,scaling,True,1776033736.8459072,1776033736.8649335,19.026,200.87,65.408,142.12
736,106.99,scaling,True,1776033736.8407905,1776033736.8679497,27.159,200.98,65.37,142.102
738,107.0,scaling,True,1776033736.8510265,1776033736.8786135,27.587,200.67,65.332,142.084
739,107.16,scaling,True,1776033736.8561316,1776033736.8797667,23.635,200.88,65.293,142.066
740,107.15,scaling,True,1776033736.8612595,1776033736.880016,18.757,201.14,65.255,142.048
741,106.34,scaling,True,1776033736.8663974,1776033736.884326,17.929,201.17,65.245,142.03
742,106.32,scaling,False,1776033736.8715038,1776033736.8937445,22.241,200.93,65.234,142.013
743,106.35,scaling,False,1776033736.876592,1776033736.8953042,18.712,201.12,65.224,141.995
744,106.35,scaling,False,1776033736.88171,1776033736.905533,23.823,200.83,65.213,141.977
745,106.54,scaling,True,1776033736.8868225,1776033736.9059026,19.08,201.08,65.203,141.959
747,106.51,scaling,True,1776033736.897045,1776033736.9153383,18.293,200.84,65.192,141.941
746,106.54,scaling,True,1776033736.8919501,1776033736.917501,25.551,200.99,65.182,141.923
749,106.55,scaling,True,1776033736.9072754,1776033736.9251604,17.885,200.85,65.171,141.905
748,106.49,scaling,True,1776033736.9021668,1776033736.9269478,24.781,201.02,65.161,141.887
751,106.36,scaling,False,1776033736.917504,1776033736.935929,18.425,200.8,65.15,141.869
750,106.35,scaling,True,1776033736.9123867,1776033736.9368858,24.499,201.02,65.14,141.851
753,106.38,scaling,False,1776033736.927737,1776033736.9474347,19.698,200.72,65.13,141.833
752,106.37,scaling,False,1776033736.922622,1776033736.949097,26.475,200.9,65.119,141.815
755,106.55,scaling,True,1776033736.9380198,1776033736.9560604,18.041,200.79,65.109,141.797
754,106.74,scaling,True,1776033736.9328673,1776033736.960209,27.342,200.84,65.098,141.779
757,106.67,scaling,False,1776033736.9482126,1776033736.9666271,18.414,200.76,65.088,141.761
756,106.64,scaling,True,1776033736.9431217,1776033736.967863,24.741,200.96,65.077,141.743
759,106.88,scaling,True,1776033736.9584196,1776033736.9772646,18.845,200.72,65.067,141.725
758,106.66,scaling,False,1776033736.9533212,1776033736.978022,24.701,200.95,65.056,141.707
761,106.76,scaling,True,1776033736.9686263,1776033736.98791,19.284,200.69,65.046,141.689
760,106.87,scaling,False,1776033736.9635186,1776033736.9901626,26.644,200.83,64.972,141.671
763,106.73,scaling,True,1776033736.9788687,1776033736.997482,18.613,200.71,64.898,141.653
762,106.75,scaling,False,1776033736.9737437,1776033736.9989302,25.187,200.9,64.824,141.635
765,106.77,scaling,False,1776033736.9891102,1776033737.0074553,18.345,200.71,64.75,141.617
764,106.75,scaling,True,1776033736.9839952,1776033737.0101545,26.159,200.83,64.676,141.599
767,106.86,scaling,False,1776033736.9993443,1776033737.0181136,18.769,200.67,64.603,141.581
766,106.84,scaling,True,1776033736.99423,1776033737.0194385,25.208,200.86,64.529,141.563
769,106.84,scaling,False,1776033737.0099337,1776033737.028438,18.504,200.65,64.455,141.546
768,106.85,scaling,False,1776033737.0048025,1776033737.029575,24.773,200.85,64.381,141.528
771,106.84,scaling,False,1776033737.0201666,1776033737.0381904,18.024,200.66,64.307,141.51
770,106.85,scaling,True,1776033737.0150564,1776033737.0404356,25.379,200.81,64.234,141.492
773,107.66,scaling,True,1776033737.030403,1776033737.0478463,17.443,200.68,64.16,141.474
772,107.66,scaling,True,1776033737.0252805,1776033737.0499754,24.695,200.83,64.086,141.456
775,107.54,scaling,False,1776033737.0406516,1776033737.060438,19.786,200.54,64.012,141.438
774,107.54,scaling,True,1776033737.035536,1776033737.06094,25.404,200.78,63.938,141.42
777,107.46,scaling,True,1776033737.050887,1776033737.0694275,18.54,200.6,63.864,141.402
776,107.55,scaling,False,1776033737.0457704,1776033737.0734608,27.69,200.64,63.791,141.384
779,107.41,scaling,True,1776033737.0611105,1776033737.0808814,19.771,200.52,63.717,141.366
778,107.64,scaling,True,1776033737.0560067,1776033737.0817173,25.711,200.73,63.643,141.348
781,107.53,scaling,True,1776033737.0713453,1776033737.0899663,18.621,200.56,63.569,141.33
780,107.59,scaling,True,1776033737.0662313,1776033737.0941744,27.943,200.6,63.547,141.312
783,107.55,scaling,False,1776033737.0815687,1776033737.1003003,18.732,200.55,63.526,141.294
782,107.54,scaling,False,1776033737.0764642,1776033737.1015544,25.09,200.74,63.504,141.276
785,107.71,scaling,True,1776033737.091795,1776033737.1119733,20.178,200.46,63.482,141.258
786,107.68,scaling,False,1776033737.0968974,1776033737.1123152,15.418,200.7,63.461,141.24
784,107.67,scaling,True,1776033737.086679,1776033737.1126163,25.937,200.94,63.439,141.222
787,107.74,scaling,True,1776033737.1019835,1776033737.1210456,19.062,200.76,63.417,141.204
788,107.88,scaling,True,1776033737.107066,1776033737.1213903,14.324,201.0,63.395,141.186
789,107.64,scaling,True,1776033737.1121435,1776033737.1341355,21.992,200.6,63.374,141.168
791,107.65,scaling,False,1776033737.1223238,1776033737.1403327,18.009,200.54,63.352,141.15
792,107.67,scaling,False,1776033737.1274261,1776033737.1406841,13.258,200.77,63.33,141.132
790,107.64,scaling,True,1776033737.117229,1776033737.1478634,30.634,200.66,63.309,141.114
793,107.68,scaling,False,1776033737.1325414,1776033737.1519554,19.414,200.71,63.287,141.096
795,108.2,scaling,False,1776033737.1432104,1776033737.1613913,18.181,200.48,63.265,141.078
794,108.23,scaling,True,1776033737.138069,1776033737.1638005,25.732,200.61,63.243,141.061
797,108.32,scaling,False,1776033737.1534126,1776033737.171462,18.049,200.48,63.222,141.043
798,108.0,scaling,True,1776033737.1585162,1776033737.1717756,13.259,200.71,63.2,141.025
796,108.34,scaling,True,1776033737.1483147,1776033737.17475,26.435,200.81,63.178,141.007
799,108.04,scaling,True,1776033737.1636097,1776033737.1829739,19.364,200.65,63.157,140.989
801,106.7,scaling,False,1776033737.1738255,1776033737.1922147,18.389,200.44,63.135,140.971
802,106.78,scaling,True,1776033737.1789303,1776033737.192498,13.568,200.67,63.075,140.953
800,106.71,scaling,True,1776033737.1687093,1776033737.195935,27.226,200.75,63.016,140.935
803,106.81,scaling,True,1776033737.184026,1776033737.2025144,18.488,200.67,62.957,140.918
805,106.87,scaling,True,1776033737.1942239,1776033737.212413,18.189,200.43,62.897,140.9
806,106.87,scaling,True,1776033737.1993308,1776033737.2127464,13.416,200.66,62.838,140.882
804,106.91,scaling,True,1776033737.189125,1776033737.2152178,26.093,200.78,62.778,140.865
807,106.95,scaling,True,1776033737.204423,1776033737.2235298,19.107,200.62,62.719,140.847
808,107.19,scaling,True,1776033737.2095149,1776033737.2239404,14.426,200.84,62.659,140.829
809,107.1,scaling,True,1776033737.214607,1776033737.233629,19.022,200.61,62.6,140.811
811,107.18,scaling,True,1776033737.2247992,1776033737.2441905,19.391,200.33,62.541,140.794
810,107.1,scaling,False,1776033737.2197058,1776033737.2456136,25.908,200.51,62.481,140.776
813,107.43,scaling,True,1776033737.2349873,1776033737.2536516,18.664,200.36,62.422,140.758
814,107.54,scaling,True,1776033737.2401073,1776033737.2540262,13.919,200.59,62.362,140.741
812,107.05,scaling,True,1776033737.2299001,1776033737.2570424,27.142,200.69,62.303,140.723
815,107.48,scaling,True,1776033737.245221,1776033737.2692838,24.063,200.33,62.243,140.705
817,107.84,scaling,False,1776033737.2557056,1776033737.2753687,19.663,200.27,62.184,140.688
816,107.25,scaling,True,1776033737.2505846,1776033737.282377,31.792,200.17,62.124,140.67
818,107.8,scaling,False,1776033737.2612972,1776033737.287799,26.502,200.15,62.065,140.652
819,107.81,scaling,False,1776033737.2666662,1776033737.2881558,21.49,200.38,62.006,140.635
821,107.51,scaling,True,1776033737.2768855,1776033737.29541,18.524,200.27,61.946,140.617
820,107.56,scaling,True,1776033737.2717924,1776033737.2995577,27.765,200.31,61.935,140.599
823,107.81,scaling,True,1776033737.2877753,1776033737.306751,18.976,200.2,61.924,140.582
822,107.51,scaling,False,1776033737.282379,1776033737.3071404,24.761,200.43,61.913,140.564
825,107.82,scaling,False,1776033737.298009,1776033737.3171067,19.098,200.19,61.902,140.546
826,107.81,scaling,False,1776033737.3031263,1776033737.3174465,14.32,200.41,61.891,140.528
824,107.83,scaling,False,1776033737.2928936,1776033737.3187997,25.906,200.59,61.88,140.511
827,107.85,scaling,False,1776033737.308241,1776033737.3262417,18.001,200.47,61.869,140.493
828,107.91,scaling,True,1776033737.3133614,1776033737.3265953,13.234,200.7,61.858,140.475
829,107.93,scaling,False,1776033737.3184772,1776033737.3378818,19.405,200.39,61.846,140.458
830,107.62,scaling,True,1776033737.323602,1776033737.3382857,14.684,200.61,61.835,140.44
831,107.76,scaling,True,1776033737.328713,1776033737.347701,18.988,200.4,61.824,140.422
833,107.75,scaling,False,1776033737.3389533,1776033737.3574567,18.503,200.17,61.813,140.405
834,107.76,scaling,False,1776033737.3440716,1776033737.3578331,13.762,200.39,61.802,140.387
832,107.78,scaling,False,1776033737.3338313,1776033737.3594418,25.61,200.55,61.791,140.369
835,107.52,scaling,True,1776033737.349183,1776033737.3672981,18.115,200.41,61.78,140.352
837,107.53,scaling,True,1776033737.359418,1776033737.3797016,20.284,200.06,61.769,140.334
838,107.51,scaling,False,1776033737.3645434,1776033737.3801649,15.621,200.28,61.758,140.316
836,107.55,scaling,False,1776033737.3543003,1776033737.3804574,26.157,200.5,61.747,140.298
839,107.49,scaling,True,1776033737.3696568,1776033737.3929026,23.246,200.15,61.736,140.281
840,107.75,scaling,True,1776033737.3747773,1776033737.393284,18.507,200.37,61.725,140.263
841,107.79,scaling,False,1776033737.3798983,1776033737.4062264,26.328,199.99,61.694,140.245
842,107.47,scaling,True,1776033737.3850193,1776033737.4065423,21.523,200.21,61.664,140.228
843,107.29,scaling,False,1776033737.3901348,1776033737.4096973,19.562,200.3,61.633,140.21
844,107.3,scaling,False,1776033737.3952541,1776033737.4102125,14.958,200.51,61.603,140.192
845,107.33,scaling,False,1776033737.4006562,1776033737.422388,21.732,200.17,61.573,140.175
846,107.32,scaling,False,1776033737.406013,1776033737.4356449,29.632,199.78,61.542,140.157
847,107.46,scaling,True,1776033737.4111242,1776033737.4360921,24.968,199.99,61.512,140.139
849,107.47,scaling,False,1776033737.421357,1776033737.4400742,18.717,200.04,61.481,140.122
850,107.47,scaling,False,1776033737.4264755,1776033737.4404242,13.949,200.26,61.451,140.104
848,107.47,scaling,False,1776033737.4162457,1776033737.4483218,32.076,200.12,61.42,140.086
851,107.49,scaling,False,1776033737.4315932,1776033737.4486787,17.086,200.34,61.39,140.068
852,107.61,scaling,True,1776033737.43671,1776033737.4598475,23.138,200.05,61.36,140.051
853,107.41,scaling,True,1776033737.4418254,1776033737.4601917,18.366,200.27,61.329,140.033
855,107.55,scaling,True,1776033737.4521043,1776033737.4702315,18.127,200.03,61.299,140.015
854,107.43,scaling,False,1776033737.4469786,1776033737.4715254,24.547,200.21,61.268,139.998
857,107.7,scaling,True,1776033737.4623427,1776033737.480589,18.246,200.02,61.238,139.98
856,107.57,scaling,False,1776033737.4572299,1776033737.481999,24.769,200.18,61.207,139.962
858,107.69,scaling,False,1776033737.4674642,1776033737.4932532,25.789,199.89,61.177,139.945
859,107.68,scaling,False,1776033737.4725778,1776033737.4935367,20.959,200.11,61.147,139.927
861,107.2,scaling,True,1776033737.4828155,1776033737.5018275,19.012,199.96,61.116,139.909
860,107.65,scaling,True,1776033737.4776974,1776033737.5063558,28.658,199.98,61.116,139.892
863,106.82,scaling,True,1776033737.4930508,1776033737.5112696,18.219,199.99,61.116,139.874
862,106.86,scaling,False,1776033737.4879394,1776033737.5130575,25.118,200.13,61.116,139.856
865,106.67,scaling,True,1776033737.503282,1776033737.523388,20.106,199.89,61.116,139.839
864,106.72,scaling,True,1776033737.4981678,1776033737.523821,25.653,200.1,61.116,139.821
867,106.62,scaling,False,1776033737.5135064,1776033737.531103,17.596,199.99,61.116,139.803
866,106.62,scaling,False,1776033737.5083907,1776033737.5356784,27.288,200.01,61.116,139.785
868,106.84,scaling,True,1776033737.5186434,1776033737.5436378,24.994,199.88,61.116,139.768
869,106.85,scaling,False,1776033737.5237691,1776033737.5439308,20.162,200.09,61.116,139.75
871,106.82,scaling,True,1776033737.5339801,1776033737.5521843,18.204,199.94,61.116,139.732
870,107.01,scaling,True,1776033737.528888,1776033737.556215,27.327,199.99,61.116,139.715
873,106.84,scaling,False,1776033737.5441895,1776033737.562325,18.136,199.94,61.116,139.697
872,106.84,scaling,False,1776033737.5390897,1776033737.5638978,24.808,200.09,61.116,139.679
875,106.56,scaling,True,1776033737.5543914,1776033737.572295,17.904,199.94,61.116,139.662
874,106.73,scaling,True,1776033737.5492873,1776033737.5747774,25.49,200.05,61.116,139.644
877,106.63,scaling,True,1776033737.5646157,1776033737.5835166,18.901,199.88,61.116,139.626
876,106.59,scaling,False,1776033737.559504,1776033737.5845547,25.051,200.06,61.116,139.609
879,106.49,scaling,True,1776033737.5748491,1776033737.5922976,17.448,199.94,61.116,139.591
878,106.63,scaling,True,1776033737.5697327,1776033737.5963116,26.579,199.98,61.116,139.573
881,106.75,scaling,True,1776033737.5850713,1776033737.6021419,17.071,199.95,61.116,139.555
880,106.75,scaling,True,1776033737.5799716,1776033737.6044445,24.473,200.07,61.079,139.538
883,106.96,scaling,True,1776033737.595296,1776033737.6131399,17.844,199.9,61.042,139.52
882,106.74,scaling,False,1776033737.590178,1776033737.6144974,24.319,200.07,61.005,139.502
885,107.32,scaling,True,1776033737.605535,1776033737.6242785,18.744,199.85,60.968,139.485
884,107.34,scaling,True,1776033737.6004188,1776033737.6254776,25.059,200.02,60.931,139.467
887,108.04,scaling,True,1776033737.6157835,1776033737.634332,18.548,199.85,60.894,139.449
886,107.22,scaling,True,1776033737.6106622,1776033737.6369236,26.261,199.96,60.857,139.432
888,108.09,scaling,False,1776033737.620902,1776033737.6469488,26.047,199.73,60.82,139.414
889,107.87,scaling,True,1776033737.6260188,1776033737.6473029,21.284,199.94,60.783,139.396
891,107.83,scaling,True,1776033737.6362545,1776033737.6543493,18.095,199.85,60.746,139.379
890,107.85,scaling,False,1776033737.631139,1776033737.6590154,27.876,199.86,60.709,139.361
893,108.37,scaling,True,1776033737.6464903,1776033737.6641881,17.698,199.86,60.672,139.343
892,108.07,scaling,True,1776033737.641373,1776033737.6664796,25.107,199.98,60.635,139.325
894,108.32,scaling,False,1776033737.6516118,1776033737.6755795,23.968,199.79,60.598,139.308
895,108.35,scaling,False,1776033737.6567276,1776033737.6762202,19.493,199.99,60.561,139.29
897,108.38,scaling,True,1776033737.666951,1776033737.6888888,21.938,199.65,60.524,139.272
896,108.37,scaling,False,1776033737.6618438,1776033737.6892445,27.401,199.85,60.487,139.255
899,108.24,scaling,True,1776033737.6771607,1776033737.6951656,18.005,199.81,60.45,139.237
898,108.39,scaling,False,1776033737.6720617,1776033737.7000563,27.995,199.82,60.413,139.219
901,108.21,scaling,False,1776033737.687389,1776033737.7055876,18.199,199.79,60.376,139.202
900,108.23,scaling,False,1776033737.6822574,1776033737.7075422,25.285,199.93,60.333,139.188
903,108.24,scaling,False,1776033737.697633,1776033737.717605,19.972,199.71,60.289,139.174
902,108.23,scaling,False,1776033737.6925025,1776033737.718023,25.521,199.91,60.246,139.16
905,107.99,scaling,True,1776033737.7078886,1776033737.7290437,21.155,199.64,60.203,139.146
906,107.98,scaling,False,1776033737.7130144,1776033737.7294054,16.391,199.85,60.159,139.133
904,108.34,scaling,True,1776033737.7027545,1776033737.7298868,27.132,200.05,60.116,139.119
907,107.96,scaling,True,1776033737.7181447,1776033737.7366521,18.507,199.97,60.072,139.105
909,107.84,scaling,True,1776033737.728368,1776033737.7465703,18.202,199.75,60.029,139.091
908,107.9,scaling,True,1776033737.7232661,1776033737.749004,25.738,199.87,59.986,139.077
911,107.72,scaling,False,1776033737.7385643,1776033737.7576344,19.07,199.71,59.942,139.064
910,107.72,scaling,True,1776033737.7334716,1776033737.7584682,24.997,199.89,59.899,139.05
913,107.72,scaling,False,1776033737.7487864,1776033737.7699323,21.146,199.61,59.855,139.036
912,107.74,scaling,False,1776033737.7436602,1776033737.770578,26.918,199.8,59.812,139.022
915,107.64,scaling,True,1776033737.7590196,1776033737.7776177,18.598,199.71,59.769,139.008
914,107.38,scaling,True,1776033737.75389,1776033737.7807608,26.871,199.79,59.725,138.994
917,107.75,scaling,True,1776033737.7692275,1776033737.7881236,18.896,199.69,59.682,138.981
918,107.78,scaling,False,1776033737.7743318,1776033737.7884386,14.107,199.89,59.639,138.967
916,107.64,scaling,False,1776033737.7641213,1776033737.7896261,25.505,200.06,59.595,138.953
919,107.6,scaling,True,1776033737.7794228,1776033737.800517,21.094,199.8,59.552,138.939
920,107.58,scaling,False,1776033737.7845218,1776033737.8008466,16.325,200.0,59.508,138.925
921,107.6,scaling,False,1776033737.7896178,1776033737.812404,22.786,199.72,59.467,138.912
922,107.62,scaling,False,1776033737.7947178,1776033737.812736,18.018,199.92,59.425,138.898
923,107.09,scaling,False,1776033737.7998123,1776033737.8184834,18.671,199.89,59.384,138.884
925,107.0,scaling,True,1776033737.8100197,1776033737.8294709,19.451,199.63,59.342,138.87
924,106.83,scaling,True,1776033737.8049147,1776033737.8311033,26.189,199.78,59.301,138.856
927,107.03,scaling,True,1776033737.8202322,1776033737.8382733,18.041,199.68,59.259,138.842
926,107.0,scaling,False,1776033737.8151379,1776033737.842403,27.265,199.72,59.218,138.829
928,106.93,scaling,True,1776033737.825345,1776033737.8506029,25.258,199.59,59.177,138.815
929,106.92,scaling,False,1776033737.830441,1776033737.850985,20.544,199.78,59.135,138.801
930,106.79,scaling,True,1776033737.835539,1776033737.851247,15.708,199.99,59.094,138.787
931,106.79,scaling,False,1776033737.8406377,1776033737.8603513,19.714,199.81,59.052,138.773
933,106.21,scaling,True,1776033737.850844,1776033737.8764954,25.651,199.34,59.011,138.76
932,106.8,scaling,False,1776033737.8457372,1776033737.8769577,31.22,199.53,58.969,138.746
935,106.18,scaling,False,1776033737.8611093,1776033737.879277,18.168,199.64,58.928,138.732
934,106.22,scaling,False,1776033737.8560116,1776033737.888435,32.423,199.47,58.886,138.718
937,106.24,scaling,False,1776033737.871325,1776033737.8912237,19.899,199.56,58.845,138.704
936,106.23,scaling,True,1776033737.8662164,1776033737.8915691,25.353,199.76,58.803,138.691
939,106.23,scaling,False,1776033737.881551,1776033737.899452,17.901,199.64,58.762,138.677
940,105.47,scaling,False,1776033737.8866527,1776033737.8998158,13.163,199.84,58.72,138.663
938,106.23,scaling,False,1776033737.8764458,1776033737.9031374,26.692,199.91,58.679,138.649
941,105.5,scaling,True,1776033737.8917558,1776033737.914033,22.277,199.66,58.662,138.635
942,105.52,scaling,False,1776033737.896867,1776033737.9143968,17.53,199.85,58.645,138.621
943,105.39,scaling,True,1776033737.9019659,1776033737.925968,24.002,199.58,58.629,138.608
945,105.05,scaling,False,1776033737.9121711,1776033737.9304652,18.294,199.6,58.612,138.594
946,105.08,scaling,False,1776033737.9172747,1776033737.930832,13.557,199.79,58.595,138.58
944,105.07,scaling,True,1776033737.907077,1776033737.938488,31.411,199.68,58.578,138.566
947,104.69,scaling,False,1776033737.9223845,1776033737.9430938,20.709,199.7,58.561,138.552
949,103.72,scaling,True,1776033737.932592,1776033737.9511452,18.553,199.57,58.545,138.539
948,103.61,scaling,True,1776033737.9274988,1776033737.9560683,28.569,199.57,58.528,138.525
951,103.93,scaling,False,1776033737.9428136,1776033737.9611485,18.335,199.57,58.511,138.511
950,103.92,scaling,True,1776033737.9377046,1776033737.9628263,25.122,199.71,58.494,138.497
953,103.88,scaling,True,1776033737.9529889,1776033737.9719694,18.981,199.54,58.477,138.483
952,103.93,scaling,False,1776033737.947873,1776033737.9730127,25.14,199.7,58.461,138.47
955,103.84,scaling,False,1776033737.9632087,1776033737.9814794,18.271,199.56,58.444,138.456
954,103.83,scaling,True,1776033737.9581082,1776033737.9839408,25.833,199.67,58.427,138.442
956,103.84,scaling,False,1776033737.9683313,1776033737.9937963,25.465,199.46,58.41,138.428
957,103.85,scaling,False,1776033737.973446,1776033737.9959674,22.521,199.58,58.394,138.414
959,103.85,scaling,False,1776033737.9836755,1776033738.0034835,19.808,199.48,58.377,138.4
958,103.85,scaling,False,1776033737.9785635,1776033738.0088882,30.325,199.46,58.36,138.387
960,104.0,scaling,True,1776033737.9887948,1776033738.0162458,27.451,199.37,58.343,138.373
961,103.82,scaling,True,1776033737.9938877,1776033738.0217798,27.892,199.34,58.325,138.359
962,103.79,scaling,True,1776033737.9990234,1776033738.0221357,23.112,199.54,58.307,138.345
963,103.5,scaling,True,1776033738.0041175,1776033738.0227034,18.586,199.72,58.289,138.331
965,103.43,scaling,True,1776033738.0143545,1776033738.0322242,17.87,199.53,58.272,138.318
964,103.51,scaling,False,1776033738.0092354,1776033738.0330744,23.839,199.71,58.254,138.304
967,103.58,scaling,True,1776033738.0245593,1776033738.0427284,18.169,199.51,58.236,138.29
968,103.56,scaling,False,1776033738.0296626,1776033738.0431175,13.455,199.7,58.218,138.276
966,103.35,scaling,True,1776033738.019458,1776033738.0445693,25.111,199.85,58.2,138.262
969,103.74,scaling,True,1776033738.0347779,1776033738.051235,16.457,199.78,58.182,138.248
970,103.72,scaling,False,1776033738.0398958,1776033738.062,22.104,199.55,58.164,138.235
971,103.7,scaling,False,1776033738.0450084,1776033738.072202,27.194,199.33,58.146,138.221
972,103.69,scaling,False,1776033738.0501342,1776033738.072566,22.432,199.52,58.128,138.207
973,103.65,scaling,True,1776033738.0552464,1776033738.0740178,18.771,199.67,58.11,138.193
974,103.64,scaling,False,1776033738.0603645,1776033738.074298,13.933,199.86,58.092,138.179
975,103.6,scaling,True,1776033738.065482,1776033738.087729,22.247,199.52,58.074,138.166
977,103.8,scaling,True,1776033738.0757337,1776033738.0945435,18.81,199.45,58.056,138.152
976,103.6,scaling,False,1776033738.0706143,1776033738.1003346,29.72,199.41,58.039,138.138
979,103.8,scaling,True,1776033738.0859776,1776033738.1071334,21.156,199.34,58.021,138.124
978,103.8,scaling,False,1776033738.080865,1776033738.1075041,26.639,199.53,58.003,138.11
981,103.79,scaling,False,1776033738.0962188,1776033738.1121485,15.93,199.54,57.985,138.097
980,103.78,scaling,False,1776033738.0911043,1776033738.1201324,29.028,199.42,57.932,138.083
982,103.61,scaling,True,1776033738.1013412,1776033738.1247163,23.375,199.44,57.879,138.069
983,103.59,scaling,False,1776033738.1068487,1776033738.1263645,19.516,199.58,57.826,138.055
984,103.58,scaling,False,1776033738.111984,1776033738.14061,28.626,199.2,57.773,138.041
985,103.7,scaling,True,1776033738.1170998,1776033738.1409883,23.889,199.39,57.72,138.027
987,103.05,scaling,True,1776033738.1273386,1776033738.1519804,24.642,199.15,57.667,138.014
988,103.05,scaling,False,1776033738.1324565,1776033738.1523323,19.876,199.34,57.614,138.0
986,103.78,scaling,True,1776033738.1222181,1776033738.1526268,30.409,199.53,57.562,137.986
989,103.22,scaling,True,1776033738.1375744,1776033738.1563346,18.76,199.58,57.509,137.972
991,103.34,scaling,True,1776033738.1481426,1776033738.1667979,18.655,199.36,57.456,137.958
990,103.21,scaling,False,1776033738.1430228,1776033738.1676247,24.602,199.53,57.403,137.945
993,103.08,scaling,False,1776033738.1583717,1776033738.1775181,19.146,199.33,57.35,137.931
992,103.1,scaling,True,1776033738.1532607,1776033738.178963,25.702,199.48,57.297,137.917
995,103.06,scaling,False,1776033738.1688268,1776033738.2367575,67.931,197.39,58.092,137.903
994,103.07,scaling,True,1776033738.1637094,1776033738.2373087,73.599,197.57,58.427,137.889
997,103.2,scaling,False,1776033738.1792963,1776033738.2473798,68.084,197.37,58.845,137.875
998,103.19,scaling,False,1776033738.1844168,1776033738.2477546,63.338,197.55,59.639,137.862
999,103.03,scaling,True,1776033738.189534,1776033738.248104,58.57,197.74,59.595,137.848
996,103.2,scaling,True,1776033738.1741834,1776033738.2488685,74.685,197.91,60.413,137.834
